Part_Category_Needed,City,Date
Motor,Hyderabad,2022-05-17
Motor,Hyderabad,2024-05-16
Motor,Hyderabad,2025-06-18
Motor,Hyderabad,2025-11-24
Motor,Hyderabad,2025-11-26
Motor,Hyderabad,2025-11-28
Motor,Hyderabad,2025-12-16
Motor,Hyderabad,2026-01-23
Motor,Hyderabad,2026-01-24
Motor,Hyderabad,2026-01-26
Motor,Hyderabad,2026-02-16
Motor,Hyderabad,2026-06-11
Motor,Hyderabad,2026-06-12
Motor,Hyderabad,2026-06-13
Motor,Hyderabad,2026-07-03
Motor,Hyderabad,2026-07-04
Motor,Hyderabad,2026-07-27
Thermostat,Bengaluru,2024-10-20
Thermostat,Bengaluru,2024-12-17
Thermostat,Bengaluru,2024-12-18
Thermostat,Bengaluru,2025-03-04
Thermostat,Bengaluru,2025-03-05
Thermostat,Bengaluru,2025-03-21
Thermostat,Bengaluru,2025-03-22
Thermostat,Bengaluru,2025-03-23
Thermostat,Bengaluru,2025-08-17
Thermostat,Bengaluru,2025-08-18
Thermostat,Bengaluru,2025-09-24
Thermostat,Bengaluru,2025-11-27
Thermostat,Bengaluru,2025-12-15
Thermostat,Bengaluru,2025-12-16
Thermostat,Bengaluru,2025-12-17
Thermostat,Bengaluru,2025-12-18
Thermostat,Bengaluru,2026-02-14
Thermostat,Bengaluru,2026-02-15
Thermostat,Bengaluru,2026-02-16
Thermostat,Bengaluru,2026-03-04
Thermostat,Bengaluru,2026-03-05
Relay,Bengaluru,2022-09-18
Relay,Bengaluru,2024-07-15
Relay,Bengaluru,2024-09-16
Relay,Bengaluru,2024-09-19
Relay,Bengaluru,2024-11-25
Relay,Bengaluru,2025-02-23
Relay,Bengaluru,2025-03-07
Relay,Bengaluru,2025-03-09
Relay,Bengaluru,2025-03-10
Relay,Bengaluru,2025-03-11
Relay,Bengaluru,2025-03-23
Relay,Bengaluru,2025-03-25
Relay,Bengaluru,2025-03-27
Relay,Bengaluru,2025-04-16
Relay,Bengaluru,2025-06-17
Relay,Bengaluru,2025-07-21
Relay,Bengaluru,2025-07-24
Relay,Bengaluru,2025-07-26
Relay,Bengaluru,2025-12-06
Relay,Bengaluru,2025-12-08
Relay,Bengaluru,2025-12-09
Relay,Bengaluru,2025-12-10
Relay,Bengaluru,2026-01-17
Relay,Bengaluru,2026-01-22
Relay,Bengaluru,2026-04-06
Relay,Bengaluru,2026-04-07
Membrane,Mumbai,2024-06-13
Membrane,Mumbai,2024-06-14
Membrane,Mumbai,2024-07-21
Membrane,Mumbai,2025-07-17
Membrane,Mumbai,2025-07-18
Membrane,Mumbai,2025-07-19
Membrane,Mumbai,2025-10-23
Membrane,Mumbai,2025-10-24
Membrane,Mumbai,2025-10-25
Membrane,Mumbai,2025-11-14
Membrane,Mumbai,2026-02-16
Membrane,Mumbai,2026-02-17
Membrane,Mumbai,2026-02-18
Membrane,Mumbai,2026-03-26
Membrane,Mumbai,2026-03-28
Membrane,Mumbai,2026-04-15
Membrane,Mumbai,2026-04-16
Membrane,Mumbai,2026-04-17
Membrane,Mumbai,2026-05-04
Membrane,Mumbai,2026-05-18
Membrane,Mumbai,2026-05-19
Membrane,Mumbai,2026-05-20
Membrane,Mumbai,2026-06-18
Membrane,Mumbai,2026-06-19
Membrane,Mumbai,2026-06-20
Membrane,Mumbai,2026-06-21
Membrane,Mumbai,2026-06-22
Membrane,Mumbai,2026-07-07
Membrane,Mumbai,2026-07-08
Membrane,Mumbai,2026-07-09
Membrane,Mumbai,2026-07-25
Membrane,Mumbai,2026-07-26
Membrane,Mumbai,2026-07-27
Heating Element,Chennai,2025-01-22
Heating Element,Chennai,2025-01-23
Heating Element,Chennai,2025-02-23
Heating Element,Chennai,2025-02-25
Heating Element,Chennai,2025-04-20
Heating Element,Chennai,2025-04-21
Heating Element,Chennai,2025-04-22
Heating Element,Chennai,2025-04-24
Heating Element,Chennai,2025-05-12
Heating Element,Chennai,2025-06-14
Heating Element,Chennai,2025-06-15
Heating Element,Chennai,2025-06-16
Heating Element,Chennai,2025-06-17
Heating Element,Chennai,2025-06-18
Heating Element,Chennai,2025-07-23
Heating Element,Chennai,2025-10-23
Heating Element,Chennai,2025-10-24
Heating Element,Chennai,2025-11-12
Heating Element,Chennai,2025-11-13
Heating Element,Chennai,2025-11-26
Heating Element,Chennai,2025-11-27
Heating Element,Chennai,2025-12-12
Heating Element,Chennai,2025-12-13
Heating Element,Chennai,2025-12-14
Heating Element,Chennai,2025-12-15
Heating Element,Chennai,2025-12-16
Heating Element,Chennai,2026-01-24
Heating Element,Chennai,2026-01-25
Heating Element,Chennai,2026-02-15
Heating Element,Chennai,2026-02-16
Heating Element,Chennai,2026-02-18
Heating Element,Chennai,2026-02-19
Heating Element,Chennai,2026-03-09
Heating Element,Chennai,2026-03-10
Heating Element,Chennai,2026-07-17
Heating Element,Chennai,2026-07-18
Heating Element,Chennai,2026-07-20
Anode Rod,Mumbai,2024-01-21
Anode Rod,Mumbai,2024-01-23
Anode Rod,Mumbai,2024-01-24
Anode Rod,Mumbai,2024-01-25
Anode Rod,Mumbai,2024-01-26
Anode Rod,Mumbai,2025-01-13
Anode Rod,Mumbai,2025-01-14
Anode Rod,Mumbai,2025-01-16
Anode Rod,Mumbai,2025-01-17
Anode Rod,Mumbai,2025-01-18
Anode Rod,Mumbai,2025-01-19
Anode Rod,Mumbai,2025-09-23
Anode Rod,Mumbai,2025-09-27
Anode Rod,Mumbai,2025-12-13
Anode Rod,Mumbai,2025-12-15
Anode Rod,Mumbai,2026-01-21
Anode Rod,Mumbai,2026-01-22
Anode Rod,Mumbai,2026-03-04
Anode Rod,Mumbai,2026-05-01
Anode Rod,Mumbai,2026-05-17
Anode Rod,Mumbai,2026-05-18
Anode Rod,Mumbai,2026-05-19
Anode Rod,Mumbai,2026-05-20
Anode Rod,Mumbai,2026-05-21
Anode Rod,Mumbai,2026-07-16
Anode Rod,Mumbai,2026-08-01
Belt,Ahmedabad,2025-02-18
Belt,Ahmedabad,2025-02-19
Belt,Ahmedabad,2025-04-23
Belt,Ahmedabad,2025-05-20
Belt,Ahmedabad,2025-05-21
Belt,Ahmedabad,2025-05-22
Belt,Ahmedabad,2025-05-23
Belt,Ahmedabad,2025-05-24
Belt,Ahmedabad,2025-05-25
Belt,Ahmedabad,2025-05-26
Belt,Ahmedabad,2025-08-14
Belt,Ahmedabad,2025-08-15
Belt,Ahmedabad,2025-08-17
Belt,Ahmedabad,2025-09-21
Belt,Ahmedabad,2025-09-22
Belt,Ahmedabad,2025-10-08
Belt,Ahmedabad,2025-10-23
Belt,Ahmedabad,2025-10-24
Belt,Ahmedabad,2025-11-07
Belt,Ahmedabad,2025-11-23
Belt,Ahmedabad,2025-11-25
Belt,Ahmedabad,2025-11-26
Belt,Ahmedabad,2025-12-10
Belt,Ahmedabad,2025-12-13
Belt,Ahmedabad,2025-12-14
Belt,Ahmedabad,2025-12-15
Belt,Ahmedabad,2026-01-13
Belt,Ahmedabad,2026-01-14
Belt,Ahmedabad,2026-01-15
Belt,Ahmedabad,2026-01-16
Belt,Ahmedabad,2026-01-17
Belt,Ahmedabad,2026-02-23
Belt,Ahmedabad,2026-02-24
Belt,Ahmedabad,2026-03-27
Belt,Ahmedabad,2026-04-30
Belt,Ahmedabad,2026-05-01
Belt,Ahmedabad,2026-05-02
Belt,Ahmedabad,2026-05-15
Belt,Ahmedabad,2026-05-16
Belt,Ahmedabad,2026-06-01
Belt,Ahmedabad,2026-06-02
Belt,Ahmedabad,2026-06-12
Belt,Ahmedabad,2026-06-13
Belt,Ahmedabad,2026-06-16
Belt,Ahmedabad,2026-06-18
Belt,Ahmedabad,2026-07-19
Belt,Ahmedabad,2026-07-20
Belt,Ahmedabad,2026-08-06
Compressor,Ahmedabad,2024-05-18
Compressor,Ahmedabad,2024-08-12
Compressor,Ahmedabad,2024-08-13
Compressor,Ahmedabad,2024-10-11
Compressor,Ahmedabad,2024-10-12
Compressor,Ahmedabad,2024-11-14
Compressor,Ahmedabad,2024-11-15
Compressor,Ahmedabad,2024-11-16
Compressor,Ahmedabad,2024-11-18
Compressor,Ahmedabad,2024-12-03
Compressor,Ahmedabad,2024-12-04
Compressor,Ahmedabad,2024-12-06
Compressor,Ahmedabad,2025-06-21
Compressor,Ahmedabad,2026-02-13
Compressor,Ahmedabad,2026-02-14
Compressor,Ahmedabad,2026-03-01
Compressor,Ahmedabad,2026-03-02
Compressor,Ahmedabad,2026-03-15
Compressor,Ahmedabad,2026-03-16
Compressor,Ahmedabad,2026-03-17
Compressor,Ahmedabad,2026-03-18
Compressor,Ahmedabad,2026-03-19
Compressor,Ahmedabad,2026-04-21
Compressor,Ahmedabad,2026-04-22
Compressor,Ahmedabad,2026-04-23
Compressor,Ahmedabad,2026-05-11
Compressor,Ahmedabad,2026-05-12
Compressor,Ahmedabad,2026-05-25
Compressor,Ahmedabad,2026-05-26
Compressor,Ahmedabad,2026-05-27
Compressor,Ahmedabad,2026-05-28
Compressor,Ahmedabad,2026-05-29
Compressor,Ahmedabad,2026-06-14
Compressor,Ahmedabad,2026-06-15
Compressor,Ahmedabad,2026-06-16
Compressor,Ahmedabad,2026-06-17
Compressor,Ahmedabad,2026-06-18
Compressor,Ahmedabad,2026-07-03
Compressor,Ahmedabad,2026-07-04
Compressor,Ahmedabad,2026-07-15
Compressor,Ahmedabad,2026-07-16
Compressor,Ahmedabad,2026-07-17
Compressor,Ahmedabad,2026-07-18
Compressor,Ahmedabad,2026-07-19
Compressor,Ahmedabad,2026-08-06
Anode Rod,Ahmedabad,2024-10-24
Anode Rod,Ahmedabad,2026-07-16
Anode Rod,Ahmedabad,2026-07-17
Filter,Chennai,2024-08-16
Filter,Chennai,2025-03-07
Filter,Chennai,2025-03-08
Filter,Chennai,2025-03-21
Filter,Chennai,2025-03-22
Filter,Chennai,2025-04-19
Filter,Chennai,2025-04-20
Filter,Chennai,2025-04-21
Filter,Chennai,2025-04-22
Filter,Chennai,2025-04-23
Filter,Chennai,2025-04-25
Filter,Chennai,2025-04-26
Filter,Chennai,2025-04-27
Filter,Chennai,2025-12-23
Filter,Chennai,2025-12-24
Filter,Chennai,2025-12-25
Filter,Chennai,2026-01-15
Filter,Chennai,2026-02-19
Filter,Chennai,2026-02-22
Filter,Chennai,2026-05-13
Filter,Chennai,2026-05-14
Filter,Chennai,2026-05-27
Filter,Chennai,2026-06-07
Filter,Chennai,2026-06-08
Filter,Chennai,2026-06-09
Filter,Chennai,2026-06-10
Filter,Chennai,2026-06-11
Filter,Chennai,2026-06-12
Filter,Chennai,2026-06-14
Filter,Chennai,2026-07-01
Filter,Chennai,2026-07-19
Filter,Chennai,2026-07-20
Motor,Chennai,2023-07-03
Motor,Chennai,2023-07-04
Motor,Chennai,2023-07-05
Motor,Chennai,2023-07-20
Motor,Chennai,2023-07-21
Motor,Chennai,2023-10-21
Motor,Chennai,2023-10-22
Motor,Chennai,2024-02-21
Motor,Chennai,2025-05-15
Motor,Chennai,2025-05-17
Motor,Chennai,2025-05-18
Motor,Chennai,2025-08-12
Motor,Chennai,2025-09-25
Motor,Chennai,2025-09-27
Motor,Chennai,2026-01-24
Motor,Chennai,2026-05-21
Motor,Chennai,2026-06-22
Motor,Chennai,2026-06-24
Motor,Chennai,2026-06-25
Pump,Chennai,2024-12-01
Pump,Chennai,2025-05-01
Pump,Chennai,2025-07-23
Pump,Chennai,2025-07-24
Pump,Chennai,2025-07-25
Pump,Chennai,2025-07-26
Pump,Chennai,2025-09-24
Pump,Chennai,2025-09-25
Pump,Chennai,2025-09-26
Pump,Chennai,2025-10-15
Pump,Chennai,2025-10-16
Pump,Chennai,2025-11-14
Pump,Chennai,2025-11-16
Pump,Chennai,2025-11-17
Pump,Chennai,2025-11-18
Pump,Chennai,2025-11-19
Pump,Chennai,2025-11-20
Pump,Chennai,2026-03-09
Pump,Chennai,2026-04-15
Pump,Chennai,2026-06-11
Pump,Chennai,2026-06-12
Pump,Chennai,2026-06-24
Pump,Chennai,2026-06-25
Pump,Chennai,2026-06-26
Pump,Chennai,2026-06-27
Pump,Chennai,2026-07-16
Pump,Chennai,2026-07-18
Pump,Chennai,2026-08-05
Pump,Chennai,2026-08-06
Pump,Ahmedabad,2024-05-26
Pump,Ahmedabad,2024-05-28
Pump,Ahmedabad,2024-07-10
Pump,Ahmedabad,2024-07-11
Pump,Ahmedabad,2024-07-12
Pump,Ahmedabad,2024-08-19
Pump,Ahmedabad,2024-08-20
Pump,Ahmedabad,2024-09-26
Pump,Ahmedabad,2024-09-27
Pump,Ahmedabad,2024-09-29
Pump,Ahmedabad,2024-11-03
Pump,Ahmedabad,2024-11-04
Pump,Ahmedabad,2024-11-05
Pump,Ahmedabad,2024-12-09
Pump,Ahmedabad,2024-12-10
Pump,Ahmedabad,2024-12-27
Pump,Ahmedabad,2024-12-28
Pump,Ahmedabad,2024-12-29
Pump,Ahmedabad,2025-01-14
Pump,Ahmedabad,2025-01-16
Pump,Ahmedabad,2025-01-18
Pump,Ahmedabad,2025-01-20
Pump,Ahmedabad,2025-02-07
Pump,Ahmedabad,2025-05-18
Pump,Ahmedabad,2025-05-19
Pump,Ahmedabad,2025-06-05
Pump,Ahmedabad,2025-06-06
Pump,Ahmedabad,2025-06-07
Pump,Ahmedabad,2025-06-23
Pump,Ahmedabad,2025-07-23
Pump,Ahmedabad,2025-07-25
Pump,Ahmedabad,2025-08-17
Pump,Ahmedabad,2025-09-05
Pump,Ahmedabad,2025-09-06
Pump,Ahmedabad,2026-02-26
Pump,Ahmedabad,2026-02-27
Pump,Ahmedabad,2026-02-28
Pump,Ahmedabad,2026-03-12
Pump,Ahmedabad,2026-03-13
Pump,Ahmedabad,2026-03-17
Pump,Ahmedabad,2026-06-24
Pump,Ahmedabad,2026-06-25
Pump,Ahmedabad,2026-07-12
Pump,Ahmedabad,2026-07-13
Pump,Ahmedabad,2026-07-14
Door Seal,Bengaluru,2022-12-23
Door Seal,Bengaluru,2023-10-22
Door Seal,Bengaluru,2023-10-23
Door Seal,Bengaluru,2024-01-05
Door Seal,Bengaluru,2024-02-18
Door Seal,Bengaluru,2024-02-19
Door Seal,Bengaluru,2024-02-20
Door Seal,Bengaluru,2024-03-08
Door Seal,Bengaluru,2024-03-09
Door Seal,Bengaluru,2024-05-17
Door Seal,Bengaluru,2025-01-17
Door Seal,Bengaluru,2025-02-27
Door Seal,Bengaluru,2025-03-14
Door Seal,Bengaluru,2025-03-16
Door Seal,Bengaluru,2025-03-17
Door Seal,Bengaluru,2025-04-20
Door Seal,Bengaluru,2025-04-21
Door Seal,Bengaluru,2025-06-03
Door Seal,Bengaluru,2025-06-18
Door Seal,Bengaluru,2025-06-20
Door Seal,Bengaluru,2025-08-18
Door Seal,Bengaluru,2025-08-19
Door Seal,Bengaluru,2025-08-22
Door Seal,Bengaluru,2025-09-23
Door Seal,Bengaluru,2025-09-24
Door Seal,Bengaluru,2025-09-25
Door Seal,Bengaluru,2025-10-14
Door Seal,Bengaluru,2025-10-15
Door Seal,Bengaluru,2025-10-16
Door Seal,Bengaluru,2025-10-17
Door Seal,Bengaluru,2025-10-18
Door Seal,Bengaluru,2026-01-10
Door Seal,Bengaluru,2026-01-15
Drain Pump,Mumbai,2024-02-23
Drain Pump,Mumbai,2024-02-24
Drain Pump,Mumbai,2024-02-26
Drain Pump,Mumbai,2024-03-15
Drain Pump,Mumbai,2024-03-16
Drain Pump,Mumbai,2024-03-17
Drain Pump,Mumbai,2024-04-15
Drain Pump,Mumbai,2024-04-16
Drain Pump,Mumbai,2024-04-17
Drain Pump,Mumbai,2024-04-18
Drain Pump,Mumbai,2024-06-12
Drain Pump,Mumbai,2024-06-14
Drain Pump,Mumbai,2024-07-20
Drain Pump,Mumbai,2024-08-04
Drain Pump,Mumbai,2024-08-05
Drain Pump,Mumbai,2024-11-09
Drain Pump,Mumbai,2026-05-15
Drain Pump,Mumbai,2026-07-21
Drain Pump,Mumbai,2026-07-24
Fan,Delhi,2024-04-23
Fan,Delhi,2025-01-18
Fan,Delhi,2025-01-19
Fan,Delhi,2025-01-20
Fan,Delhi,2025-01-21
Fan,Delhi,2025-02-26
Fan,Delhi,2025-02-27
Fan,Delhi,2025-03-01
Fan,Delhi,2025-03-02
Fan,Delhi,2025-03-03
Fan,Delhi,2025-03-18
Fan,Delhi,2025-04-24
Fan,Delhi,2025-04-25
Fan,Delhi,2025-04-26
Fan,Delhi,2025-04-27
Fan,Delhi,2025-05-11
Fan,Delhi,2025-05-12
Fan,Delhi,2025-05-15
Fan,Delhi,2025-06-16
Fan,Delhi,2025-06-17
Fan,Delhi,2025-06-19
Fan,Delhi,2025-06-20
Fan,Delhi,2025-06-21
Fan,Delhi,2025-07-22
Fan,Delhi,2025-07-23
Fan,Delhi,2025-07-24
Fan,Delhi,2025-08-22
Fan,Delhi,2025-09-22
Fan,Delhi,2025-09-24
Fan,Delhi,2025-09-25
Fan,Delhi,2025-10-12
Fan,Delhi,2025-10-15
Fan,Delhi,2025-10-16
Fan,Delhi,2025-11-06
Fan,Delhi,2025-11-17
Fan,Delhi,2025-11-18
Fan,Delhi,2025-11-21
Fan,Delhi,2025-12-25
Fan,Delhi,2025-12-26
Fan,Delhi,2026-03-11
Fan,Delhi,2026-03-13
Fan,Delhi,2026-03-14
Fan,Delhi,2026-03-15
Fan,Delhi,2026-03-16
Fan,Delhi,2026-06-14
Fan,Delhi,2026-06-16
Fan,Delhi,2026-06-17
Belt,Delhi,2025-02-20
Belt,Delhi,2025-02-21
Belt,Delhi,2025-02-22
Belt,Delhi,2025-03-09
Belt,Delhi,2025-03-10
Belt,Delhi,2025-03-11
Belt,Delhi,2025-05-23
Belt,Delhi,2025-05-24
Belt,Delhi,2025-05-25
Belt,Delhi,2025-05-26
Belt,Delhi,2025-09-03
Belt,Delhi,2025-09-04
Belt,Delhi,2025-09-22
Belt,Delhi,2025-09-23
Belt,Delhi,2025-09-24
Belt,Delhi,2025-10-11
Belt,Delhi,2025-12-09
Belt,Delhi,2025-12-10
Belt,Delhi,2026-01-14
Belt,Delhi,2026-01-15
Belt,Delhi,2026-01-17
Belt,Delhi,2026-02-22
Belt,Delhi,2026-02-23
Belt,Delhi,2026-02-24
Belt,Delhi,2026-02-25
Belt,Delhi,2026-02-26
Belt,Delhi,2026-04-05
Belt,Delhi,2026-04-06
Belt,Delhi,2026-06-20
Belt,Delhi,2026-06-22
Belt,Delhi,2026-06-23
Belt,Delhi,2026-06-24
Belt,Delhi,2026-06-25
Belt,Delhi,2026-06-26
Belt,Delhi,2026-07-17
Belt,Delhi,2026-07-18
Belt,Delhi,2026-07-19
Inlet Valve,Chennai,2023-03-19
Inlet Valve,Chennai,2023-03-20
Inlet Valve,Chennai,2023-03-21
Inlet Valve,Chennai,2023-10-19
Inlet Valve,Chennai,2023-10-20
Inlet Valve,Chennai,2023-10-22
Inlet Valve,Chennai,2025-07-10
Inlet Valve,Chennai,2025-07-11
Inlet Valve,Chennai,2025-07-12
Inlet Valve,Chennai,2025-07-13
Inlet Valve,Chennai,2025-07-14
Inlet Valve,Chennai,2025-07-15
Inlet Valve,Chennai,2025-10-06
Inlet Valve,Chennai,2025-11-16
Inlet Valve,Chennai,2026-06-25
Inlet Valve,Chennai,2026-06-26
Heating Element,Bengaluru,2023-12-19
Heating Element,Bengaluru,2023-12-20
Heating Element,Bengaluru,2024-04-17
Heating Element,Bengaluru,2024-04-18
Heating Element,Bengaluru,2024-11-06
Heating Element,Bengaluru,2024-11-07
Heating Element,Bengaluru,2024-12-17
Heating Element,Bengaluru,2025-11-15
Heating Element,Bengaluru,2025-11-16
Heating Element,Bengaluru,2025-12-20
Heating Element,Bengaluru,2025-12-21
Heating Element,Bengaluru,2025-12-22
Heating Element,Bengaluru,2025-12-23
Heating Element,Bengaluru,2025-12-24
Heating Element,Bengaluru,2026-01-14
Heating Element,Bengaluru,2026-02-19
Heating Element,Bengaluru,2026-02-20
Heating Element,Bengaluru,2026-02-21
Heating Element,Bengaluru,2026-02-22
Heating Element,Bengaluru,2026-03-12
Heating Element,Bengaluru,2026-06-17
Heating Element,Bengaluru,2026-06-18
Heating Element,Bengaluru,2026-07-21
Heating Element,Bengaluru,2026-07-23
Heating Element,Bengaluru,2026-08-08
Heating Element,Bengaluru,2026-08-09
Fuse,Ahmedabad,2024-12-31
Fuse,Ahmedabad,2025-03-17
Fuse,Ahmedabad,2025-03-19
Fuse,Ahmedabad,2025-03-20
Fuse,Ahmedabad,2025-03-21
Fuse,Ahmedabad,2025-07-17
Fuse,Ahmedabad,2025-07-18
Fuse,Ahmedabad,2025-08-26
Fuse,Ahmedabad,2025-08-27
Fuse,Ahmedabad,2025-09-17
Fuse,Ahmedabad,2025-10-26
Fuse,Ahmedabad,2025-11-13
Fuse,Ahmedabad,2026-01-09
Fuse,Ahmedabad,2026-01-10
Fuse,Ahmedabad,2026-01-25
Fuse,Ahmedabad,2026-01-26
Fuse,Ahmedabad,2026-02-13
Fuse,Ahmedabad,2026-03-21
Fuse,Ahmedabad,2026-03-22
Fuse,Ahmedabad,2026-04-07
Fuse,Ahmedabad,2026-05-14
Fuse,Ahmedabad,2026-06-20
Fan Motor,Delhi,2023-10-25
Fan Motor,Delhi,2023-10-27
Fan Motor,Delhi,2024-02-14
Fan Motor,Delhi,2024-04-16
Fan Motor,Delhi,2024-04-18
Fan Motor,Delhi,2024-05-04
Fan Motor,Delhi,2024-05-24
Fan Motor,Delhi,2024-06-24
Fan Motor,Delhi,2024-06-25
Fan Motor,Delhi,2024-09-17
Fan Motor,Delhi,2024-09-18
Fan Motor,Delhi,2024-09-19
Fan Motor,Delhi,2024-12-22
Fan Motor,Delhi,2024-12-23
Fan Motor,Delhi,2025-01-06
Fan Motor,Delhi,2025-03-14
Fan Motor,Delhi,2025-04-18
Fan Motor,Delhi,2025-04-19
Fan Motor,Delhi,2025-04-20
Fan Motor,Delhi,2025-04-21
Fan Motor,Delhi,2025-05-25
Fan Motor,Delhi,2025-05-26
Fan Motor,Delhi,2025-06-13
Fan Motor,Delhi,2025-06-14
Fan Motor,Delhi,2025-06-15
Fan Motor,Delhi,2025-06-16
Fan Motor,Delhi,2025-07-19
Fan Motor,Delhi,2025-09-24
Fan Motor,Delhi,2025-09-25
Fan Motor,Delhi,2025-09-27
Fan Motor,Delhi,2025-11-22
Fan Motor,Delhi,2025-12-11
Fan Motor,Delhi,2025-12-12
Fan Motor,Delhi,2025-12-13
Fan Motor,Delhi,2025-12-14
Fan Motor,Delhi,2026-06-13
Fan Motor,Delhi,2026-06-14
Fan Motor,Delhi,2026-06-15
Fan Motor,Delhi,2026-06-16
Gas,Kolkata,2023-06-23
Gas,Kolkata,2024-05-24
Gas,Kolkata,2024-08-16
Gas,Kolkata,2024-08-20
Gas,Kolkata,2024-12-22
Gas,Kolkata,2026-03-18
Gas,Kolkata,2026-04-01
Gas,Kolkata,2026-04-04
Gas,Kolkata,2026-06-25
Gas,Kolkata,2026-07-14
Door Switch,Hyderabad,2024-10-07
Door Switch,Hyderabad,2024-10-08
Door Switch,Hyderabad,2024-10-09
Door Switch,Hyderabad,2024-12-21
Door Switch,Hyderabad,2025-03-19
Door Switch,Hyderabad,2025-03-20
Door Switch,Hyderabad,2025-03-22
Door Switch,Hyderabad,2025-03-23
Door Switch,Hyderabad,2025-04-13
Door Switch,Hyderabad,2025-04-14
Door Switch,Hyderabad,2025-04-15
Door Switch,Hyderabad,2025-04-16
Door Switch,Hyderabad,2025-05-27
Door Switch,Hyderabad,2025-06-15
Door Switch,Hyderabad,2025-06-16
Door Switch,Hyderabad,2025-11-02
Door Switch,Hyderabad,2025-11-17
Door Switch,Hyderabad,2025-11-18
Door Switch,Hyderabad,2025-11-19
Door Switch,Hyderabad,2025-11-20
Door Switch,Hyderabad,2026-03-21
Door Switch,Hyderabad,2026-06-14
Door Switch,Hyderabad,2026-06-15
Door Switch,Hyderabad,2026-07-22
Drain Pump,Ahmedabad,2024-09-21
Drain Pump,Ahmedabad,2025-03-17
Drain Pump,Ahmedabad,2025-03-18
Drain Pump,Ahmedabad,2025-04-25
Drain Pump,Ahmedabad,2025-04-26
Drain Pump,Ahmedabad,2025-07-22
Drain Pump,Ahmedabad,2025-07-23
Drain Pump,Ahmedabad,2025-07-26
Drain Pump,Ahmedabad,2025-08-09
Drain Pump,Ahmedabad,2025-08-10
Drain Pump,Ahmedabad,2025-08-11
Drain Pump,Ahmedabad,2025-08-13
Drain Pump,Ahmedabad,2025-08-14
Drain Pump,Ahmedabad,2025-08-15
Drain Pump,Ahmedabad,2025-10-07
Drain Pump,Ahmedabad,2025-10-08
Drain Pump,Ahmedabad,2025-10-09
Drain Pump,Ahmedabad,2025-10-10
Drain Pump,Ahmedabad,2025-10-11
Drain Pump,Ahmedabad,2025-10-12
Drain Pump,Ahmedabad,2025-10-13
Drain Pump,Ahmedabad,2025-10-14
Drain Pump,Ahmedabad,2025-10-15
Drain Pump,Ahmedabad,2025-11-16
Drain Pump,Ahmedabad,2025-11-17
Drain Pump,Ahmedabad,2025-11-18
Drain Pump,Ahmedabad,2025-11-19
Drain Pump,Ahmedabad,2025-11-20
Drain Pump,Ahmedabad,2025-11-22
Drain Pump,Ahmedabad,2025-12-23
Drain Pump,Ahmedabad,2026-01-12
Drain Pump,Ahmedabad,2026-01-14
Drain Pump,Ahmedabad,2026-01-27
Drain Pump,Ahmedabad,2026-02-14
Drain Pump,Ahmedabad,2026-02-15
Drain Pump,Ahmedabad,2026-02-16
Drain Pump,Ahmedabad,2026-02-17
Drain Pump,Ahmedabad,2026-02-18
Drain Pump,Ahmedabad,2026-03-05
Drain Pump,Ahmedabad,2026-03-07
Drain Pump,Ahmedabad,2026-03-08
Drain Pump,Ahmedabad,2026-03-09
Drain Pump,Ahmedabad,2026-03-22
Drain Pump,Ahmedabad,2026-03-24
Drain Pump,Ahmedabad,2026-03-25
Drain Pump,Ahmedabad,2026-04-11
Drain Pump,Ahmedabad,2026-04-13
Drain Pump,Ahmedabad,2026-04-14
Drain Pump,Ahmedabad,2026-04-15
Drain Pump,Ahmedabad,2026-05-13
Drain Pump,Ahmedabad,2026-05-15
Drain Pump,Ahmedabad,2026-05-16
Drain Pump,Ahmedabad,2026-05-17
Drain Pump,Ahmedabad,2026-05-27
Drain Pump,Ahmedabad,2026-06-01
Drain Pump,Ahmedabad,2026-06-02
Drain Pump,Ahmedabad,2026-07-08
Drain Pump,Ahmedabad,2026-07-17
Drain Pump,Ahmedabad,2026-07-18
Drain Pump,Ahmedabad,2026-07-19
Drain Pump,Ahmedabad,2026-07-20
Drain Pump,Ahmedabad,2026-07-23
Drain Pump,Ahmedabad,2026-08-11
Sediment Filter,Hyderabad,2024-07-18
Sediment Filter,Hyderabad,2024-07-19
Sediment Filter,Hyderabad,2024-07-21
Sediment Filter,Hyderabad,2024-07-22
Sediment Filter,Hyderabad,2024-10-18
Sediment Filter,Hyderabad,2025-03-10
Sediment Filter,Hyderabad,2025-03-11
Sediment Filter,Hyderabad,2025-03-27
Sediment Filter,Hyderabad,2025-06-16
Sediment Filter,Hyderabad,2025-06-17
Sediment Filter,Hyderabad,2025-07-04
Sediment Filter,Hyderabad,2025-07-05
Sediment Filter,Hyderabad,2025-07-15
Sediment Filter,Hyderabad,2025-07-16
Sediment Filter,Hyderabad,2025-07-17
Sediment Filter,Hyderabad,2025-07-18
Sediment Filter,Hyderabad,2025-07-19
Sediment Filter,Hyderabad,2025-07-20
Sediment Filter,Hyderabad,2025-08-17
Sediment Filter,Hyderabad,2025-08-18
Sediment Filter,Hyderabad,2025-08-19
Sediment Filter,Hyderabad,2025-08-20
Sediment Filter,Hyderabad,2025-08-21
Sediment Filter,Hyderabad,2025-10-27
Sediment Filter,Hyderabad,2025-12-24
Sediment Filter,Hyderabad,2025-12-25
Sediment Filter,Hyderabad,2025-12-26
Sediment Filter,Hyderabad,2026-01-19
Sediment Filter,Hyderabad,2026-01-20
Sediment Filter,Hyderabad,2026-01-21
Sediment Filter,Hyderabad,2026-03-15
Sediment Filter,Hyderabad,2026-03-16
Sediment Filter,Hyderabad,2026-03-17
Sediment Filter,Hyderabad,2026-05-18
Sediment Filter,Hyderabad,2026-05-19
Sediment Filter,Hyderabad,2026-05-20
Sediment Filter,Hyderabad,2026-06-03
Sediment Filter,Hyderabad,2026-06-04
Sediment Filter,Hyderabad,2026-06-05
Sediment Filter,Hyderabad,2026-06-19
Sediment Filter,Hyderabad,2026-06-20
Sediment Filter,Hyderabad,2026-06-21
Sediment Filter,Hyderabad,2026-06-22
Sediment Filter,Hyderabad,2026-06-24
Sediment Filter,Hyderabad,2026-06-25
Sediment Filter,Hyderabad,2026-07-13
Sediment Filter,Hyderabad,2026-07-14
Sediment Filter,Hyderabad,2026-07-15
Sediment Filter,Hyderabad,2026-07-16
Sediment Filter,Hyderabad,2026-07-17
Fuse,Kolkata,2024-06-12
Fuse,Kolkata,2024-06-13
Fuse,Kolkata,2024-06-14
Fuse,Kolkata,2024-07-27
Fuse,Kolkata,2025-01-14
Fuse,Kolkata,2025-02-26
Fuse,Kolkata,2025-02-27
Fuse,Kolkata,2025-03-12
Fuse,Kolkata,2025-03-13
Fuse,Kolkata,2025-03-15
Fuse,Kolkata,2025-05-27
Fuse,Kolkata,2025-10-26
Fuse,Kolkata,2025-12-20
Fuse,Kolkata,2025-12-21
Fuse,Kolkata,2025-12-22
Fuse,Kolkata,2026-01-10
Fuse,Kolkata,2026-02-10
Fuse,Kolkata,2026-02-11
Fuse,Kolkata,2026-02-12
Fuse,Kolkata,2026-02-14
Fuse,Kolkata,2026-02-15
Fuse,Kolkata,2026-03-06
Fuse,Kolkata,2026-05-13
Gas,Bengaluru,2025-02-09
Gas,Bengaluru,2025-03-24
Gas,Bengaluru,2025-04-08
Gas,Bengaluru,2025-04-23
Gas,Bengaluru,2025-08-15
Gas,Bengaluru,2025-08-16
Gas,Bengaluru,2025-09-19
Gas,Bengaluru,2025-09-21
Gas,Bengaluru,2025-10-10
Gas,Bengaluru,2025-10-14
Gas,Bengaluru,2025-11-25
Gas,Bengaluru,2025-11-26
Gas,Bengaluru,2025-11-27
Gas,Bengaluru,2025-12-08
Gas,Bengaluru,2025-12-10
Gas,Bengaluru,2025-12-12
Gas,Bengaluru,2025-12-13
Gas,Bengaluru,2025-12-15
Gas,Bengaluru,2026-01-27
Gas,Bengaluru,2026-05-18
Gas,Bengaluru,2026-05-19
Gas,Bengaluru,2026-05-20
Gas,Bengaluru,2026-05-22
Gas,Bengaluru,2026-06-08
Gas,Bengaluru,2026-06-09
Heating Element,Delhi,2023-12-21
Heating Element,Delhi,2023-12-22
Heating Element,Delhi,2023-12-23
Heating Element,Delhi,2023-12-24
Heating Element,Delhi,2025-01-13
Heating Element,Delhi,2025-01-14
Heating Element,Delhi,2025-01-15
Heating Element,Delhi,2025-01-16
Heating Element,Delhi,2025-04-15
Heating Element,Delhi,2025-04-16
Heating Element,Delhi,2025-04-17
Heating Element,Delhi,2025-04-18
Heating Element,Delhi,2025-04-19
Heating Element,Delhi,2025-05-21
Heating Element,Delhi,2025-05-22
Heating Element,Delhi,2025-05-23
Heating Element,Delhi,2025-05-24
Heating Element,Delhi,2025-06-11
Heating Element,Delhi,2025-06-12
Heating Element,Delhi,2025-06-13
Heating Element,Delhi,2025-06-14
Heating Element,Delhi,2025-06-15
Heating Element,Delhi,2025-07-01
Heating Element,Delhi,2025-07-02
Heating Element,Delhi,2025-08-20
Heating Element,Delhi,2025-08-21
Heating Element,Delhi,2025-08-22
Heating Element,Delhi,2025-08-23
Heating Element,Delhi,2025-09-22
Heating Element,Delhi,2025-09-23
Heating Element,Delhi,2025-09-24
Heating Element,Delhi,2025-10-11
Heating Element,Delhi,2025-10-12
Heating Element,Delhi,2025-10-13
Heating Element,Delhi,2025-10-14
Heating Element,Delhi,2025-11-19
Heating Element,Delhi,2025-12-27
Heating Element,Delhi,2025-12-29
Heating Element,Delhi,2025-12-30
Fan Motor,Chennai,2024-03-21
Fan Motor,Chennai,2024-03-22
Fan Motor,Chennai,2024-05-09
Fan Motor,Chennai,2024-05-10
Fan Motor,Chennai,2024-05-11
Fan Motor,Chennai,2024-05-12
Fan Motor,Chennai,2024-05-13
Fan Motor,Chennai,2024-05-14
Fan Motor,Chennai,2024-05-25
Fan Motor,Chennai,2024-05-26
Fan Motor,Chennai,2024-05-27
Fan Motor,Chennai,2025-03-15
Fan Motor,Chennai,2025-03-16
Fan Motor,Chennai,2025-04-15
Fan Motor,Chennai,2025-04-16
Fan Motor,Chennai,2025-04-18
Fan Motor,Chennai,2025-04-19
Fan Motor,Chennai,2025-04-20
Fan Motor,Chennai,2025-05-25
Fan Motor,Chennai,2025-06-13
Fan Motor,Chennai,2025-07-13
Fan Motor,Chennai,2025-07-14
Fan Motor,Chennai,2025-09-21
Fan Motor,Chennai,2025-09-22
Fan Motor,Chennai,2025-10-09
Fan Motor,Chennai,2025-10-11
Fan Motor,Chennai,2025-10-12
Fan Motor,Chennai,2025-11-23
Fan Motor,Chennai,2026-01-16
Fan Motor,Chennai,2026-01-19
Fan Motor,Chennai,2026-01-21
Fan Motor,Chennai,2026-05-08
Fan Motor,Chennai,2026-06-11
Fan Motor,Chennai,2026-06-13
Fan Motor,Chennai,2026-06-14
Fan Motor,Chennai,2026-06-15
Fan Motor,Chennai,2026-06-16
Fan Motor,Chennai,2026-06-18
Fan Motor,Chennai,2026-06-19
Fan Motor,Chennai,2026-06-20
Fan Motor,Chennai,2026-07-05
Inlet Valve,Kolkata,2022-11-25
Inlet Valve,Kolkata,2022-11-26
Inlet Valve,Kolkata,2022-11-27
Inlet Valve,Kolkata,2025-01-21
Inlet Valve,Kolkata,2025-01-22
Inlet Valve,Kolkata,2025-03-17
Inlet Valve,Kolkata,2025-03-20
Inlet Valve,Kolkata,2025-04-14
Inlet Valve,Kolkata,2025-04-15
Inlet Valve,Kolkata,2025-06-11
Inlet Valve,Kolkata,2025-06-14
Inlet Valve,Kolkata,2025-06-15
Inlet Valve,Kolkata,2025-06-16
Inlet Valve,Kolkata,2025-07-05
Inlet Valve,Kolkata,2025-07-08
Inlet Valve,Kolkata,2025-07-21
Inlet Valve,Kolkata,2025-07-24
Inlet Valve,Kolkata,2025-07-25
Inlet Valve,Kolkata,2025-10-03
Inlet Valve,Kolkata,2025-10-04
Inlet Valve,Kolkata,2025-10-22
Inlet Valve,Kolkata,2025-11-20
Inlet Valve,Kolkata,2025-11-24
Inlet Valve,Kolkata,2025-12-12
Inlet Valve,Kolkata,2025-12-14
Inlet Valve,Kolkata,2025-12-15
Inlet Valve,Kolkata,2025-12-16
Inlet Valve,Kolkata,2025-12-26
Inlet Valve,Kolkata,2026-01-01
Inlet Valve,Kolkata,2026-03-15
Inlet Valve,Kolkata,2026-05-23
Inlet Valve,Delhi,2023-12-25
Inlet Valve,Delhi,2023-12-26
Inlet Valve,Delhi,2025-02-26
Inlet Valve,Delhi,2025-03-01
Inlet Valve,Delhi,2025-03-16
Inlet Valve,Delhi,2025-03-17
Inlet Valve,Delhi,2025-03-18
Inlet Valve,Delhi,2025-04-19
Inlet Valve,Delhi,2025-04-20
Inlet Valve,Delhi,2025-04-21
Inlet Valve,Delhi,2025-04-22
Inlet Valve,Delhi,2025-05-12
Inlet Valve,Delhi,2025-05-13
Inlet Valve,Delhi,2025-06-18
Inlet Valve,Delhi,2025-06-19
Inlet Valve,Delhi,2025-06-20
Inlet Valve,Delhi,2025-07-07
Inlet Valve,Delhi,2025-07-23
Inlet Valve,Delhi,2025-11-22
Inlet Valve,Delhi,2025-11-23
Inlet Valve,Delhi,2025-11-24
Inlet Valve,Delhi,2025-11-26
Inlet Valve,Delhi,2025-12-13
Inlet Valve,Delhi,2025-12-14
Inlet Valve,Delhi,2026-03-25
Inlet Valve,Delhi,2026-07-16
Inlet Valve,Delhi,2026-07-17
Inlet Valve,Delhi,2026-07-18
Fan,Ahmedabad,2023-01-16
Fan,Ahmedabad,2024-02-25
Fan,Ahmedabad,2024-02-27
Fan,Ahmedabad,2024-05-20
Fan,Ahmedabad,2024-05-21
Fan,Ahmedabad,2024-05-22
Fan,Ahmedabad,2024-06-13
Fan,Ahmedabad,2024-07-14
Fan,Ahmedabad,2024-07-16
Fan,Ahmedabad,2024-07-17
Fan,Ahmedabad,2024-08-05
Fan,Ahmedabad,2024-08-23
Fan,Ahmedabad,2024-08-24
Fan,Ahmedabad,2024-08-25
Fan,Ahmedabad,2024-09-26
Fan,Ahmedabad,2024-09-27
Fan,Ahmedabad,2024-10-12
Fan,Ahmedabad,2024-10-14
Fan,Ahmedabad,2024-10-15
Fan,Ahmedabad,2024-10-17
Fan,Ahmedabad,2026-03-21
Fan,Ahmedabad,2026-03-22
Fan,Ahmedabad,2026-03-23
Fan,Ahmedabad,2026-03-24
Fan,Ahmedabad,2026-03-25
Fan,Ahmedabad,2026-04-18
Fan,Ahmedabad,2026-05-21
Fan,Ahmedabad,2026-05-25
Fan,Ahmedabad,2026-06-19
Fan,Ahmedabad,2026-06-20
Fan,Ahmedabad,2026-07-24
Fan,Ahmedabad,2026-07-25
Belt,Bengaluru,2023-07-16
Belt,Bengaluru,2025-03-03
Belt,Bengaluru,2025-05-27
Belt,Bengaluru,2025-05-28
Belt,Bengaluru,2025-08-15
Belt,Bengaluru,2025-08-16
Belt,Bengaluru,2025-09-21
Belt,Bengaluru,2025-12-20
Belt,Bengaluru,2025-12-22
Belt,Bengaluru,2026-01-08
Belt,Bengaluru,2026-01-09
Belt,Bengaluru,2026-02-23
Belt,Bengaluru,2026-02-24
Belt,Bengaluru,2026-02-25
Belt,Bengaluru,2026-03-10
Belt,Bengaluru,2026-03-11
Belt,Bengaluru,2026-03-12
Belt,Bengaluru,2026-03-31
Belt,Bengaluru,2026-04-14
Belt,Bengaluru,2026-04-15
Belt,Bengaluru,2026-04-16
Belt,Bengaluru,2026-04-17
Belt,Bengaluru,2026-04-19
Belt,Bengaluru,2026-06-17
Belt,Bengaluru,2026-06-18
Belt,Bengaluru,2026-06-19
Belt,Bengaluru,2026-06-20
Belt,Bengaluru,2026-06-21
PCB,Mumbai,2024-10-16
PCB,Mumbai,2024-10-17
PCB,Mumbai,2024-12-17
PCB,Mumbai,2025-01-26
PCB,Mumbai,2025-02-17
PCB,Mumbai,2025-02-18
PCB,Mumbai,2025-03-26
PCB,Mumbai,2025-04-16
PCB,Mumbai,2025-04-17
PCB,Mumbai,2025-05-23
PCB,Mumbai,2025-05-24
PCB,Mumbai,2025-06-14
PCB,Mumbai,2025-06-15
PCB,Mumbai,2025-07-23
PCB,Mumbai,2025-07-24
PCB,Mumbai,2025-10-13
PCB,Mumbai,2025-10-14
PCB,Mumbai,2025-10-15
PCB,Mumbai,2025-11-21
PCB,Mumbai,2025-12-23
PCB,Mumbai,2025-12-24
PCB,Mumbai,2025-12-25
PCB,Mumbai,2026-01-17
PCB,Mumbai,2026-02-24
PCB,Mumbai,2026-02-25
PCB,Mumbai,2026-03-14
PCB,Mumbai,2026-03-15
PCB,Mumbai,2026-04-23
PCB,Mumbai,2026-04-24
PCB,Mumbai,2026-04-25
PCB,Mumbai,2026-04-26
PCB,Mumbai,2026-05-15
PCB,Mumbai,2026-05-16
PCB,Mumbai,2026-07-16
PCB,Mumbai,2026-07-17
PRV Valve,Hyderabad,2023-10-16
PRV Valve,Hyderabad,2023-10-17
PRV Valve,Hyderabad,2023-10-18
PRV Valve,Hyderabad,2024-09-16
PRV Valve,Hyderabad,2024-09-17
PRV Valve,Hyderabad,2024-09-18
PRV Valve,Hyderabad,2025-04-06
PRV Valve,Hyderabad,2025-04-07
PRV Valve,Hyderabad,2025-05-19
PRV Valve,Hyderabad,2025-05-20
PRV Valve,Hyderabad,2025-05-21
PRV Valve,Hyderabad,2025-07-17
PRV Valve,Hyderabad,2025-07-19
PRV Valve,Hyderabad,2025-07-20
PRV Valve,Hyderabad,2025-08-07
PRV Valve,Hyderabad,2025-12-13
PRV Valve,Hyderabad,2025-12-14
PRV Valve,Hyderabad,2025-12-15
PRV Valve,Hyderabad,2025-12-16
PRV Valve,Hyderabad,2025-12-17
PRV Valve,Hyderabad,2026-01-02
PRV Valve,Hyderabad,2026-01-17
PRV Valve,Hyderabad,2026-01-18
PRV Valve,Hyderabad,2026-05-24
Turntable Motor,Bengaluru,2024-09-18
Turntable Motor,Bengaluru,2024-09-19
Turntable Motor,Bengaluru,2024-09-20
Turntable Motor,Bengaluru,2025-02-21
Turntable Motor,Bengaluru,2025-02-22
Turntable Motor,Bengaluru,2025-02-23
Turntable Motor,Bengaluru,2025-02-24
Turntable Motor,Bengaluru,2025-10-19
Turntable Motor,Bengaluru,2025-11-26
Turntable Motor,Bengaluru,2025-11-27
Turntable Motor,Bengaluru,2025-12-13
Turntable Motor,Bengaluru,2025-12-14
Turntable Motor,Bengaluru,2025-12-15
Turntable Motor,Bengaluru,2025-12-16
Turntable Motor,Bengaluru,2026-02-14
Turntable Motor,Bengaluru,2026-02-15
Turntable Motor,Bengaluru,2026-03-14
Turntable Motor,Bengaluru,2026-03-15
Turntable Motor,Bengaluru,2026-03-16
Turntable Motor,Bengaluru,2026-03-17
Turntable Motor,Bengaluru,2026-03-18
Turntable Motor,Bengaluru,2026-03-19
Turntable Motor,Bengaluru,2026-03-21
Turntable Motor,Bengaluru,2026-03-22
Turntable Motor,Bengaluru,2026-04-10
Turntable Motor,Bengaluru,2026-04-12
Turntable Motor,Bengaluru,2026-04-13
Turntable Motor,Bengaluru,2026-04-24
Turntable Motor,Bengaluru,2026-04-27
Turntable Motor,Bengaluru,2026-05-01
Turntable Motor,Bengaluru,2026-05-15
Turntable Motor,Bengaluru,2026-05-16
Turntable Motor,Bengaluru,2026-05-18
Turntable Motor,Bengaluru,2026-06-03
Turntable Motor,Bengaluru,2026-06-23
Turntable Motor,Bengaluru,2026-07-14
Door Switch,Bengaluru,2023-09-15
Door Switch,Bengaluru,2023-09-16
Door Switch,Bengaluru,2024-01-21
Door Switch,Bengaluru,2024-01-22
Door Switch,Bengaluru,2024-05-15
Door Switch,Bengaluru,2024-05-16
Door Switch,Bengaluru,2024-08-13
Door Switch,Bengaluru,2024-08-14
Door Switch,Bengaluru,2024-09-23
Door Switch,Bengaluru,2024-09-24
Door Switch,Bengaluru,2024-10-19
Door Switch,Bengaluru,2024-12-21
Door Switch,Bengaluru,2024-12-22
Door Switch,Bengaluru,2025-03-25
Door Switch,Bengaluru,2025-07-04
Door Switch,Bengaluru,2025-07-05
Door Switch,Bengaluru,2025-07-06
Door Switch,Bengaluru,2025-08-16
Door Switch,Bengaluru,2025-08-17
Door Switch,Bengaluru,2025-09-21
Door Switch,Bengaluru,2025-10-26
Door Switch,Bengaluru,2025-10-27
Door Switch,Bengaluru,2025-11-18
Door Switch,Bengaluru,2025-12-26
Door Switch,Bengaluru,2025-12-27
Door Switch,Bengaluru,2026-03-25
Door Switch,Bengaluru,2026-08-10
Door Switch,Bengaluru,2026-08-11
Door Switch,Chennai,2024-01-19
Door Switch,Chennai,2024-03-27
Door Switch,Chennai,2025-03-08
Door Switch,Chennai,2025-03-24
Door Switch,Chennai,2025-03-25
Door Switch,Chennai,2025-03-27
Door Switch,Chennai,2025-04-17
Door Switch,Chennai,2025-04-18
Door Switch,Chennai,2025-05-25
Door Switch,Chennai,2025-08-26
Door Switch,Chennai,2025-08-27
Door Switch,Chennai,2025-10-16
Door Switch,Chennai,2025-12-16
Door Switch,Chennai,2026-01-21
Door Switch,Chennai,2026-01-23
Door Switch,Chennai,2026-01-24
Door Switch,Chennai,2026-02-14
Door Switch,Chennai,2026-02-15
Door Switch,Chennai,2026-03-22
Door Switch,Chennai,2026-06-15
Door Switch,Chennai,2026-06-18
Sediment Filter,Delhi,2024-01-22
Sediment Filter,Delhi,2024-01-23
Sediment Filter,Delhi,2024-01-24
Sediment Filter,Delhi,2024-01-25
Sediment Filter,Delhi,2024-02-16
Sediment Filter,Delhi,2024-02-17
Sediment Filter,Delhi,2024-08-25
Sediment Filter,Delhi,2024-08-26
Sediment Filter,Delhi,2024-08-27
Sediment Filter,Delhi,2024-10-25
Sediment Filter,Delhi,2024-11-13
Sediment Filter,Delhi,2024-11-14
Sediment Filter,Delhi,2024-11-16
Sediment Filter,Delhi,2024-11-17
Sediment Filter,Delhi,2024-12-27
Sediment Filter,Delhi,2025-01-21
Sediment Filter,Delhi,2026-03-09
Sediment Filter,Delhi,2026-06-23
Sediment Filter,Delhi,2026-06-24
Sediment Filter,Delhi,2026-06-25
Sediment Filter,Delhi,2026-07-12
Sediment Filter,Delhi,2026-07-13
Sediment Filter,Delhi,2026-07-14
Sediment Filter,Delhi,2026-07-15
Compressor,Kolkata,2024-02-20
Compressor,Kolkata,2025-03-05
Compressor,Kolkata,2025-03-06
Compressor,Kolkata,2025-09-22
Compressor,Kolkata,2026-01-09
Compressor,Kolkata,2026-01-10
Compressor,Kolkata,2026-05-29
Compressor,Kolkata,2026-05-30
Turntable Motor,Hyderabad,2023-05-18
Turntable Motor,Hyderabad,2023-06-11
Turntable Motor,Hyderabad,2023-06-14
Turntable Motor,Hyderabad,2023-06-15
Turntable Motor,Hyderabad,2023-11-26
Turntable Motor,Hyderabad,2023-11-27
Turntable Motor,Hyderabad,2024-12-14
Turntable Motor,Hyderabad,2024-12-15
Turntable Motor,Hyderabad,2024-12-18
Turntable Motor,Hyderabad,2025-03-14
Turntable Motor,Hyderabad,2025-06-24
Turntable Motor,Hyderabad,2025-06-25
Turntable Motor,Hyderabad,2025-09-20
Turntable Motor,Hyderabad,2025-09-21
Turntable Motor,Hyderabad,2025-11-25
Turntable Motor,Hyderabad,2025-11-26
Turntable Motor,Hyderabad,2026-01-22
Turntable Motor,Hyderabad,2026-01-23
Turntable Motor,Hyderabad,2026-04-17
PRV Valve,Kolkata,2023-10-12
PRV Valve,Kolkata,2023-10-15
PRV Valve,Kolkata,2025-01-13
PRV Valve,Kolkata,2025-01-14
PRV Valve,Kolkata,2025-03-16
PRV Valve,Kolkata,2025-03-17
PRV Valve,Kolkata,2025-03-18
PRV Valve,Kolkata,2025-03-19
PRV Valve,Kolkata,2025-03-21
PRV Valve,Kolkata,2025-03-22
PRV Valve,Kolkata,2025-07-24
PRV Valve,Kolkata,2025-07-25
PRV Valve,Kolkata,2025-07-26
PRV Valve,Kolkata,2025-08-16
PRV Valve,Kolkata,2025-08-17
PRV Valve,Kolkata,2025-10-22
PRV Valve,Kolkata,2025-11-11
PRV Valve,Kolkata,2025-11-13
PRV Valve,Kolkata,2025-12-20
PRV Valve,Kolkata,2026-01-25
PRV Valve,Kolkata,2026-01-26
PRV Valve,Kolkata,2026-01-28
PRV Valve,Kolkata,2026-03-02
PRV Valve,Kolkata,2026-05-26
PRV Valve,Kolkata,2026-05-27
Relay,Ahmedabad,2022-03-14
Relay,Ahmedabad,2022-03-15
Relay,Ahmedabad,2022-03-16
Relay,Ahmedabad,2022-03-20
Relay,Ahmedabad,2023-05-13
Relay,Ahmedabad,2023-05-14
Relay,Ahmedabad,2023-05-15
Relay,Ahmedabad,2023-11-25
Relay,Ahmedabad,2023-11-27
Relay,Ahmedabad,2024-02-16
Relay,Ahmedabad,2024-07-02
Relay,Ahmedabad,2024-07-03
Relay,Ahmedabad,2024-07-04
Relay,Ahmedabad,2024-07-13
Relay,Ahmedabad,2024-07-14
Relay,Ahmedabad,2024-07-16
Relay,Ahmedabad,2024-07-18
Relay,Ahmedabad,2024-08-25
Relay,Ahmedabad,2024-08-26
Gas,Delhi,2024-05-21
Gas,Delhi,2024-05-22
Gas,Delhi,2024-12-15
Gas,Delhi,2025-01-27
Gas,Delhi,2025-02-02
Gas,Delhi,2025-02-03
Gas,Delhi,2025-02-19
Gas,Delhi,2025-02-21
Gas,Delhi,2025-03-22
Gas,Delhi,2025-03-24
Gas,Delhi,2025-03-25
Gas,Delhi,2025-05-02
Gas,Delhi,2025-06-16
Gas,Delhi,2025-06-17
Gas,Delhi,2025-06-18
Gas,Delhi,2025-11-16
Gas,Delhi,2025-11-17
Gas,Delhi,2025-11-18
Gas,Delhi,2025-11-20
Gas,Delhi,2025-12-10
Gas,Delhi,2026-01-01
Gas,Delhi,2026-05-18
Gas,Delhi,2026-05-19
Gas,Delhi,2026-05-20
Gas,Delhi,2026-07-16
Gas,Delhi,2026-07-17
Fan Motor,Ahmedabad,2025-03-12
Fan Motor,Ahmedabad,2025-03-14
Fan Motor,Ahmedabad,2025-03-15
Fan Motor,Ahmedabad,2025-03-16
Fan Motor,Ahmedabad,2025-05-20
Fan Motor,Ahmedabad,2025-05-21
Fan Motor,Ahmedabad,2025-05-22
Fan Motor,Ahmedabad,2025-05-24
Fan Motor,Ahmedabad,2025-11-27
Fan Motor,Ahmedabad,2026-01-13
Fan Motor,Ahmedabad,2026-01-14
Fan Motor,Ahmedabad,2026-01-15
Fan Motor,Ahmedabad,2026-01-16
Fan Motor,Ahmedabad,2026-01-17
Fan Motor,Ahmedabad,2026-01-18
Fan Motor,Ahmedabad,2026-01-19
Fan Motor,Ahmedabad,2026-02-07
Fan Motor,Ahmedabad,2026-03-09
Fan Motor,Ahmedabad,2026-03-10
Fan Motor,Ahmedabad,2026-03-11
Fan Motor,Ahmedabad,2026-03-26
Fan Motor,Ahmedabad,2026-03-27
Fan Motor,Ahmedabad,2026-04-12
Fan Motor,Ahmedabad,2026-04-13
Fan Motor,Ahmedabad,2026-04-15
Fan Motor,Ahmedabad,2026-04-23
Fan Motor,Ahmedabad,2026-04-26
Fan Motor,Ahmedabad,2026-04-27
Fan Motor,Ahmedabad,2026-05-09
Fan Motor,Ahmedabad,2026-05-12
Fan Motor,Ahmedabad,2026-05-13
Fan Motor,Ahmedabad,2026-05-14
Fan Motor,Ahmedabad,2026-05-15
Fan Motor,Ahmedabad,2026-05-16
Fan Motor,Ahmedabad,2026-05-25
Fan Motor,Ahmedabad,2026-05-26
Fan Motor,Ahmedabad,2026-05-27
Fan Motor,Ahmedabad,2026-06-09
Fan Motor,Ahmedabad,2026-06-10
Fan Motor,Ahmedabad,2026-06-11
Fan Motor,Ahmedabad,2026-06-12
Fan Motor,Ahmedabad,2026-06-13
Fan Motor,Ahmedabad,2026-06-14
Fan Motor,Ahmedabad,2026-06-16
Fan Motor,Ahmedabad,2026-06-17
Fan Motor,Ahmedabad,2026-07-01
Fan Motor,Ahmedabad,2026-07-02
Fan Motor,Ahmedabad,2026-07-03
Fan Motor,Ahmedabad,2026-07-04
Fan Motor,Ahmedabad,2026-07-05
Fan Motor,Ahmedabad,2026-07-06
Fan Motor,Ahmedabad,2026-07-21
Fan Motor,Ahmedabad,2026-07-22
Sediment Filter,Ahmedabad,2023-05-23
Sediment Filter,Ahmedabad,2024-02-11
Sediment Filter,Ahmedabad,2024-02-12
Sediment Filter,Ahmedabad,2024-02-13
Sediment Filter,Ahmedabad,2024-03-23
Sediment Filter,Ahmedabad,2024-03-24
Sediment Filter,Ahmedabad,2024-06-22
Sediment Filter,Ahmedabad,2024-06-23
Sediment Filter,Ahmedabad,2024-06-24
Sediment Filter,Ahmedabad,2024-07-10
Sediment Filter,Ahmedabad,2024-07-11
Sediment Filter,Ahmedabad,2024-07-13
Sediment Filter,Ahmedabad,2024-07-14
Sediment Filter,Ahmedabad,2024-08-20
Sediment Filter,Ahmedabad,2024-08-21
Sediment Filter,Ahmedabad,2024-10-13
Sediment Filter,Ahmedabad,2024-10-14
Sediment Filter,Ahmedabad,2024-11-27
Sediment Filter,Ahmedabad,2024-12-16
Sediment Filter,Ahmedabad,2025-03-24
Sediment Filter,Ahmedabad,2025-05-15
Sediment Filter,Ahmedabad,2025-06-26
Sediment Filter,Ahmedabad,2025-07-14
Sediment Filter,Ahmedabad,2025-07-15
Sediment Filter,Ahmedabad,2025-07-16
Sediment Filter,Ahmedabad,2025-07-17
Sediment Filter,Ahmedabad,2025-08-18
Sediment Filter,Ahmedabad,2025-08-19
Sediment Filter,Ahmedabad,2025-08-20
Sediment Filter,Ahmedabad,2025-08-21
Sediment Filter,Ahmedabad,2025-09-07
Sediment Filter,Ahmedabad,2025-09-22
Sediment Filter,Ahmedabad,2025-09-23
Sediment Filter,Ahmedabad,2025-12-10
Sediment Filter,Ahmedabad,2026-05-13
Sediment Filter,Ahmedabad,2026-05-14
Sediment Filter,Ahmedabad,2026-05-15
Sediment Filter,Ahmedabad,2026-05-16
Sediment Filter,Ahmedabad,2026-05-17
Sediment Filter,Ahmedabad,2026-05-18
Door Switch,Delhi,2024-06-17
Door Switch,Delhi,2025-01-21
Door Switch,Delhi,2025-05-15
Door Switch,Delhi,2025-05-16
Door Switch,Delhi,2025-05-17
Door Switch,Delhi,2025-05-18
Door Switch,Delhi,2025-06-24
Door Switch,Delhi,2025-06-25
Door Switch,Delhi,2025-10-11
Door Switch,Delhi,2025-10-12
Door Switch,Delhi,2025-10-13
Door Switch,Delhi,2025-10-14
Door Switch,Delhi,2025-12-12
Door Switch,Delhi,2025-12-14
Door Switch,Delhi,2026-01-01
Door Switch,Delhi,2026-01-19
Door Switch,Delhi,2026-03-01
Door Switch,Delhi,2026-05-23
Door Switch,Delhi,2026-05-24
Door Switch,Delhi,2026-06-17
Door Switch,Delhi,2026-07-03
Door Switch,Delhi,2026-07-04
Door Switch,Delhi,2026-07-05
Door Switch,Delhi,2026-07-17
Door Switch,Delhi,2026-07-18
Door Switch,Delhi,2026-07-19
Door Switch,Delhi,2026-07-20
Door Switch,Delhi,2026-07-21
Door Switch,Delhi,2026-08-09
Door Switch,Delhi,2026-08-10
Door Switch,Delhi,2026-08-11
Relay,Kolkata,2024-04-15
Relay,Kolkata,2025-04-17
Relay,Kolkata,2025-04-20
Relay,Kolkata,2025-04-21
Relay,Kolkata,2025-04-22
Relay,Kolkata,2025-04-24
Relay,Kolkata,2025-04-26
Relay,Kolkata,2025-04-27
Relay,Kolkata,2025-06-15
Relay,Kolkata,2025-08-15
Relay,Kolkata,2025-08-16
Relay,Kolkata,2025-08-17
Relay,Kolkata,2025-08-18
Relay,Kolkata,2025-08-19
Relay,Kolkata,2025-09-03
Relay,Kolkata,2026-01-09
Relay,Kolkata,2026-01-13
Relay,Kolkata,2026-07-16
Relay,Kolkata,2026-07-20
Door Seal,Kolkata,2022-12-23
Door Seal,Kolkata,2023-01-20
Door Seal,Kolkata,2023-12-15
Door Seal,Kolkata,2023-12-16
Door Seal,Kolkata,2023-12-17
Door Seal,Kolkata,2023-12-19
Door Seal,Kolkata,2023-12-21
Door Seal,Kolkata,2023-12-24
Door Seal,Kolkata,2024-01-24
Door Seal,Kolkata,2024-01-25
Door Seal,Kolkata,2024-01-26
Door Seal,Kolkata,2024-03-23
Door Seal,Kolkata,2024-05-22
Door Seal,Kolkata,2024-06-09
Door Seal,Kolkata,2024-09-08
Door Seal,Kolkata,2024-09-09
Door Seal,Kolkata,2025-01-27
Door Seal,Kolkata,2025-02-19
Door Seal,Kolkata,2025-02-23
Door Seal,Kolkata,2025-12-16
Door Seal,Kolkata,2026-01-24
Door Seal,Kolkata,2026-02-19
Door Seal,Kolkata,2026-03-11
Door Seal,Kolkata,2026-07-22
Membrane,Hyderabad,2024-03-28
Membrane,Hyderabad,2024-07-20
Membrane,Hyderabad,2024-11-15
Membrane,Hyderabad,2025-01-19
Membrane,Hyderabad,2025-03-15
Membrane,Hyderabad,2025-03-16
Membrane,Hyderabad,2025-03-17
Membrane,Hyderabad,2025-03-18
Membrane,Hyderabad,2025-06-21
Membrane,Hyderabad,2025-06-22
Membrane,Hyderabad,2025-06-23
Membrane,Hyderabad,2025-07-09
Membrane,Hyderabad,2025-07-10
Membrane,Hyderabad,2025-07-11
Membrane,Hyderabad,2025-07-12
Membrane,Hyderabad,2025-07-25
Membrane,Hyderabad,2025-07-26
Membrane,Hyderabad,2025-07-27
Membrane,Hyderabad,2025-07-28
Membrane,Hyderabad,2025-07-29
Membrane,Hyderabad,2025-08-13
Membrane,Hyderabad,2025-08-14
Membrane,Hyderabad,2025-08-15
Membrane,Hyderabad,2025-09-23
Membrane,Hyderabad,2025-09-24
Membrane,Hyderabad,2025-09-25
Membrane,Hyderabad,2025-11-02
Membrane,Hyderabad,2025-11-03
Membrane,Hyderabad,2025-11-16
Membrane,Hyderabad,2025-11-17
Membrane,Hyderabad,2025-11-18
Membrane,Hyderabad,2025-12-22
Membrane,Hyderabad,2025-12-23
Membrane,Hyderabad,2026-01-08
Membrane,Hyderabad,2026-01-09
Membrane,Hyderabad,2026-01-24
Membrane,Hyderabad,2026-01-26
Membrane,Hyderabad,2026-02-14
Membrane,Hyderabad,2026-02-15
Membrane,Hyderabad,2026-06-07
Membrane,Hyderabad,2026-06-08
Membrane,Hyderabad,2026-06-09
Membrane,Hyderabad,2026-06-24
Membrane,Hyderabad,2026-06-25
Membrane,Hyderabad,2026-06-26
Membrane,Hyderabad,2026-07-11
Membrane,Hyderabad,2026-07-12
Membrane,Hyderabad,2026-07-13
Membrane,Hyderabad,2026-07-14
Membrane,Hyderabad,2026-07-25
Membrane,Hyderabad,2026-07-26
Membrane,Hyderabad,2026-07-27
Membrane,Hyderabad,2026-07-30
Gas,Mumbai,2025-03-22
Gas,Mumbai,2025-04-13
Gas,Mumbai,2025-05-02
Gas,Mumbai,2025-05-03
Gas,Mumbai,2025-05-18
Gas,Mumbai,2025-05-19
Gas,Mumbai,2025-06-18
Gas,Mumbai,2025-06-19
Gas,Mumbai,2025-06-21
Gas,Mumbai,2025-06-24
Gas,Mumbai,2025-07-09
Gas,Mumbai,2025-07-27
Gas,Mumbai,2025-09-18
Gas,Mumbai,2025-09-20
Gas,Mumbai,2025-09-21
Gas,Mumbai,2025-09-22
Gas,Mumbai,2025-10-07
Gas,Mumbai,2025-12-17
Gas,Mumbai,2025-12-18
Gas,Mumbai,2025-12-19
Gas,Mumbai,2025-12-20
Gas,Mumbai,2025-12-21
Gas,Mumbai,2026-01-25
Gas,Mumbai,2026-02-15
Gas,Mumbai,2026-04-10
Gas,Mumbai,2026-04-11
Gas,Mumbai,2026-05-12
Gas,Mumbai,2026-05-13
Gas,Mumbai,2026-05-14
Gas,Mumbai,2026-05-15
Gas,Mumbai,2026-05-16
Gas,Mumbai,2026-05-17
Gas,Mumbai,2026-06-27
Drain Pump,Delhi,2024-07-22
Drain Pump,Delhi,2024-07-23
Drain Pump,Delhi,2025-01-14
Drain Pump,Delhi,2025-01-15
Drain Pump,Delhi,2025-01-16
Drain Pump,Delhi,2025-02-20
Drain Pump,Delhi,2025-02-21
Drain Pump,Delhi,2025-02-22
Drain Pump,Delhi,2025-03-13
Drain Pump,Delhi,2025-03-15
Drain Pump,Delhi,2025-03-16
Drain Pump,Delhi,2025-03-17
Drain Pump,Delhi,2025-04-24
Drain Pump,Delhi,2025-04-25
Drain Pump,Delhi,2025-04-26
Drain Pump,Delhi,2025-04-27
Drain Pump,Delhi,2025-06-27
Drain Pump,Delhi,2025-10-13
Drain Pump,Delhi,2025-10-14
Drain Pump,Delhi,2025-10-15
Drain Pump,Delhi,2025-10-16
Drain Pump,Delhi,2025-11-20
Drain Pump,Delhi,2025-11-21
Drain Pump,Delhi,2025-12-26
Drain Pump,Delhi,2026-01-15
Drain Pump,Delhi,2026-01-16
Drain Pump,Delhi,2026-01-17
Drain Pump,Delhi,2026-01-18
Drain Pump,Delhi,2026-04-26
Drain Pump,Delhi,2026-04-27
Drain Pump,Delhi,2026-05-17
Drain Pump,Delhi,2026-06-22
Drain Pump,Delhi,2026-06-24
Drain Pump,Delhi,2026-06-25
Thermostat,Chennai,2025-03-12
Thermostat,Chennai,2025-03-13
Thermostat,Chennai,2025-03-14
Thermostat,Chennai,2025-06-19
Thermostat,Chennai,2025-07-10
Thermostat,Chennai,2025-07-12
Thermostat,Chennai,2025-07-13
Thermostat,Chennai,2025-07-14
Thermostat,Chennai,2025-08-17
Thermostat,Chennai,2025-08-18
Thermostat,Chennai,2025-08-20
Thermostat,Chennai,2025-10-20
Thermostat,Chennai,2025-10-21
Thermostat,Chennai,2025-10-22
Thermostat,Chennai,2025-11-09
Thermostat,Chennai,2025-11-27
Thermostat,Chennai,2025-12-20
Thermostat,Chennai,2026-02-17
Thermostat,Chennai,2026-03-06
Thermostat,Chennai,2026-04-17
Thermostat,Chennai,2026-04-18
Thermostat,Chennai,2026-04-19
Thermostat,Chennai,2026-05-05
Thermostat,Chennai,2026-05-21
Thermostat,Chennai,2026-07-22
Carbon Filter,Chennai,2023-03-26
Carbon Filter,Chennai,2023-06-20
Carbon Filter,Chennai,2023-06-24
Carbon Filter,Chennai,2023-06-26
Carbon Filter,Chennai,2023-12-04
Carbon Filter,Chennai,2025-04-08
Carbon Filter,Chennai,2025-04-09
Carbon Filter,Chennai,2025-04-18
Carbon Filter,Chennai,2025-04-21
Carbon Filter,Chennai,2025-04-22
Carbon Filter,Chennai,2025-04-23
Carbon Filter,Chennai,2025-08-01
Carbon Filter,Chennai,2025-08-15
Carbon Filter,Chennai,2025-11-25
Carbon Filter,Chennai,2025-11-26
Carbon Filter,Chennai,2025-12-17
Carbon Filter,Chennai,2025-12-18
Carbon Filter,Chennai,2026-01-23
Carbon Filter,Chennai,2026-02-12
Carbon Filter,Chennai,2026-02-16
Carbon Filter,Chennai,2026-05-06
Carbon Filter,Chennai,2026-06-13
Gas,Ahmedabad,2024-03-19
Gas,Ahmedabad,2025-05-27
Gas,Ahmedabad,2025-11-14
Gas,Ahmedabad,2025-11-15
Gas,Ahmedabad,2025-11-17
Gas,Ahmedabad,2026-01-18
Gas,Ahmedabad,2026-01-19
Gas,Ahmedabad,2026-01-20
Gas,Ahmedabad,2026-02-10
Gas,Ahmedabad,2026-02-12
Gas,Ahmedabad,2026-02-14
Gas,Ahmedabad,2026-03-27
Gas,Ahmedabad,2026-04-09
Gas,Ahmedabad,2026-04-10
Gas,Ahmedabad,2026-04-11
Gas,Ahmedabad,2026-04-12
Gas,Ahmedabad,2026-04-14
Gas,Ahmedabad,2026-04-16
Gas,Ahmedabad,2026-05-18
Gas,Ahmedabad,2026-05-19
Gas,Ahmedabad,2026-05-21
Gas,Ahmedabad,2026-05-22
Gas,Ahmedabad,2026-05-24
Gas,Ahmedabad,2026-06-24
Gas,Ahmedabad,2026-06-25
Gas,Ahmedabad,2026-06-26
Gas,Ahmedabad,2026-06-27
Gas,Ahmedabad,2026-07-15
Gas,Ahmedabad,2026-07-16
Fan,Kolkata,2024-01-20
Fan,Kolkata,2024-01-21
Fan,Kolkata,2024-01-22
Fan,Kolkata,2024-12-23
Fan,Kolkata,2025-09-12
Fan,Kolkata,2025-09-14
Fan,Kolkata,2026-01-13
Fan,Kolkata,2026-01-16
Fan,Kolkata,2026-04-16
Fan,Kolkata,2026-07-24
Fan,Kolkata,2026-07-25
Anode Rod,Kolkata,2023-10-25
Anode Rod,Kolkata,2024-02-15
Anode Rod,Kolkata,2024-05-15
Anode Rod,Kolkata,2024-10-02
Anode Rod,Kolkata,2024-10-03
Anode Rod,Kolkata,2025-01-16
Anode Rod,Kolkata,2025-01-18
Anode Rod,Kolkata,2025-01-20
Anode Rod,Kolkata,2025-01-21
Anode Rod,Kolkata,2025-08-26
Anode Rod,Kolkata,2025-09-18
Anode Rod,Kolkata,2026-03-10
Anode Rod,Kolkata,2026-03-15
Anode Rod,Kolkata,2026-03-17
Anode Rod,Kolkata,2026-03-18
Anode Rod,Kolkata,2026-05-05
Anode Rod,Kolkata,2026-07-06
Motor,Kolkata,2025-01-26
Motor,Kolkata,2025-02-14
Motor,Kolkata,2025-02-16
Motor,Kolkata,2025-05-08
Motor,Kolkata,2025-07-07
Motor,Kolkata,2025-07-16
Motor,Kolkata,2025-07-18
Motor,Kolkata,2025-07-19
Motor,Kolkata,2025-07-22
Motor,Kolkata,2025-07-23
Motor,Kolkata,2025-08-21
Motor,Kolkata,2025-08-22
Motor,Kolkata,2025-09-07
Motor,Kolkata,2025-09-20
Motor,Kolkata,2025-10-31
Motor,Kolkata,2025-11-01
Motor,Kolkata,2025-11-02
Motor,Kolkata,2025-11-17
Motor,Kolkata,2026-01-08
Motor,Kolkata,2026-01-09
Motor,Kolkata,2026-01-10
Motor,Kolkata,2026-02-14
Motor,Kolkata,2026-02-15
Motor,Kolkata,2026-02-17
Motor,Kolkata,2026-03-01
Motor,Kolkata,2026-03-02
Motor,Kolkata,2026-03-26
Motor,Kolkata,2026-06-22
Motor,Kolkata,2026-06-23
Filter,Hyderabad,2022-11-14
Filter,Hyderabad,2022-11-15
Filter,Hyderabad,2024-01-27
Filter,Hyderabad,2024-09-15
Filter,Hyderabad,2025-06-08
Filter,Hyderabad,2025-06-09
Filter,Hyderabad,2025-06-12
Filter,Hyderabad,2025-06-13
Filter,Hyderabad,2025-06-14
Filter,Hyderabad,2025-07-20
Filter,Hyderabad,2025-10-14
Filter,Hyderabad,2025-10-16
Filter,Hyderabad,2025-10-27
Filter,Hyderabad,2025-11-02
Filter,Hyderabad,2026-02-03
Filter,Hyderabad,2026-02-04
Filter,Hyderabad,2026-02-18
Filter,Hyderabad,2026-03-03
Filter,Hyderabad,2026-03-04
Filter,Hyderabad,2026-03-05
Filter,Hyderabad,2026-03-06
Filter,Hyderabad,2026-03-25
Filter,Hyderabad,2026-03-26
Filter,Hyderabad,2026-04-16
Filter,Hyderabad,2026-04-18
Filter,Hyderabad,2026-05-15
Filter,Hyderabad,2026-05-16
Filter,Hyderabad,2026-05-17
Filter,Hyderabad,2026-05-19
Filter,Hyderabad,2026-06-19
Filter,Hyderabad,2026-06-20
Filter,Hyderabad,2026-06-22
Filter,Hyderabad,2026-06-23
Filter,Hyderabad,2026-06-24
Filter,Hyderabad,2026-07-04
Filter,Hyderabad,2026-07-05
Filter,Hyderabad,2026-07-06
Filter,Hyderabad,2026-07-23
Filter,Hyderabad,2026-07-24
Carbon Filter,Delhi,2024-07-12
Carbon Filter,Delhi,2024-07-14
Carbon Filter,Delhi,2024-08-05
Carbon Filter,Delhi,2024-08-23
Carbon Filter,Delhi,2024-09-23
Carbon Filter,Delhi,2024-09-24
Carbon Filter,Delhi,2024-09-25
Carbon Filter,Delhi,2024-09-26
Carbon Filter,Delhi,2024-11-24
Carbon Filter,Delhi,2024-12-12
Carbon Filter,Delhi,2024-12-13
Carbon Filter,Delhi,2024-12-14
Carbon Filter,Delhi,2024-12-15
Carbon Filter,Delhi,2024-12-24
Carbon Filter,Delhi,2024-12-25
Carbon Filter,Delhi,2024-12-26
Carbon Filter,Delhi,2025-01-01
Carbon Filter,Delhi,2025-01-17
Carbon Filter,Delhi,2025-01-18
Carbon Filter,Delhi,2026-01-11
Carbon Filter,Delhi,2026-01-12
Carbon Filter,Delhi,2026-01-13
Carbon Filter,Delhi,2026-01-14
Carbon Filter,Delhi,2026-05-18
Carbon Filter,Delhi,2026-07-15
Carbon Filter,Delhi,2026-07-16
Carbon Filter,Delhi,2026-07-18
Carbon Filter,Delhi,2026-07-19
Carbon Filter,Delhi,2026-07-20
Carbon Filter,Delhi,2026-07-21
Belt,Kolkata,2024-09-17
Belt,Kolkata,2024-09-18
Belt,Kolkata,2024-12-09
Belt,Kolkata,2024-12-11
Belt,Kolkata,2024-12-12
Belt,Kolkata,2024-12-14
Belt,Kolkata,2025-02-26
Belt,Kolkata,2025-03-01
Belt,Kolkata,2025-03-16
Belt,Kolkata,2025-04-25
Belt,Kolkata,2025-09-20
Belt,Kolkata,2025-09-21
Belt,Kolkata,2025-09-22
Belt,Kolkata,2025-10-08
Belt,Kolkata,2025-11-15
Belt,Kolkata,2025-11-24
Belt,Kolkata,2025-11-25
Belt,Kolkata,2025-11-26
Belt,Kolkata,2025-11-27
Belt,Kolkata,2025-12-15
Belt,Kolkata,2025-12-16
Belt,Kolkata,2025-12-17
Belt,Kolkata,2026-01-20
Belt,Kolkata,2026-01-22
Belt,Kolkata,2026-01-24
Belt,Kolkata,2026-03-12
Belt,Kolkata,2026-03-14
Belt,Kolkata,2026-03-16
Compressor,Hyderabad,2025-10-23
Compressor,Hyderabad,2026-01-13
Compressor,Hyderabad,2026-01-14
Compressor,Hyderabad,2026-01-15
Compressor,Hyderabad,2026-02-02
Compressor,Hyderabad,2026-02-03
Compressor,Hyderabad,2026-03-10
Compressor,Hyderabad,2026-03-22
Compressor,Hyderabad,2026-03-23
Compressor,Hyderabad,2026-03-24
Compressor,Hyderabad,2026-03-25
Compressor,Hyderabad,2026-03-26
Compressor,Hyderabad,2026-03-27
Compressor,Hyderabad,2026-04-12
Compressor,Hyderabad,2026-04-13
Compressor,Hyderabad,2026-04-14
Compressor,Hyderabad,2026-04-28
Compressor,Hyderabad,2026-04-29
Compressor,Hyderabad,2026-04-30
Compressor,Hyderabad,2026-05-13
Compressor,Hyderabad,2026-05-14
Compressor,Hyderabad,2026-05-15
Compressor,Hyderabad,2026-05-16
Compressor,Hyderabad,2026-06-02
Compressor,Hyderabad,2026-06-03
Compressor,Hyderabad,2026-06-17
Compressor,Hyderabad,2026-06-18
Compressor,Hyderabad,2026-06-19
Compressor,Hyderabad,2026-07-03
Compressor,Hyderabad,2026-07-04
Compressor,Hyderabad,2026-07-05
Compressor,Hyderabad,2026-07-21
Compressor,Hyderabad,2026-07-22
Heating Element,Hyderabad,2025-03-23
Heating Element,Hyderabad,2025-03-24
Heating Element,Hyderabad,2025-03-25
Heating Element,Hyderabad,2025-04-14
Heating Element,Hyderabad,2025-04-15
Heating Element,Hyderabad,2025-05-18
Heating Element,Hyderabad,2025-05-19
Heating Element,Hyderabad,2025-05-20
Heating Element,Hyderabad,2025-05-21
Heating Element,Hyderabad,2025-05-23
Heating Element,Hyderabad,2025-07-04
Heating Element,Hyderabad,2025-08-03
Heating Element,Hyderabad,2025-08-04
Heating Element,Hyderabad,2025-08-20
Heating Element,Hyderabad,2025-08-22
Heating Element,Hyderabad,2025-09-27
Heating Element,Hyderabad,2025-10-14
Heating Element,Hyderabad,2025-10-15
Heating Element,Hyderabad,2025-10-16
Heating Element,Hyderabad,2025-11-20
Heating Element,Hyderabad,2025-11-21
Heating Element,Hyderabad,2025-11-22
Heating Element,Hyderabad,2025-12-10
Heating Element,Hyderabad,2025-12-11
Heating Element,Hyderabad,2025-12-12
Heating Element,Hyderabad,2025-12-13
Heating Element,Hyderabad,2025-12-14
Heating Element,Hyderabad,2025-12-25
Heating Element,Hyderabad,2025-12-26
Heating Element,Hyderabad,2025-12-27
Heating Element,Hyderabad,2026-01-14
Heating Element,Hyderabad,2026-01-16
Heating Element,Hyderabad,2026-01-17
Heating Element,Hyderabad,2026-02-18
Heating Element,Hyderabad,2026-02-19
Heating Element,Hyderabad,2026-02-20
Door Switch,Mumbai,2024-11-22
Door Switch,Mumbai,2024-11-23
Door Switch,Mumbai,2024-11-24
Door Switch,Mumbai,2025-08-13
Door Switch,Mumbai,2025-08-14
Door Switch,Mumbai,2025-08-15
Door Switch,Mumbai,2025-12-14
Door Switch,Mumbai,2026-02-23
Door Switch,Mumbai,2026-02-24
Door Switch,Mumbai,2026-02-26
Door Switch,Mumbai,2026-02-27
Door Switch,Mumbai,2026-03-16
Door Switch,Mumbai,2026-04-02
Door Switch,Mumbai,2026-05-21
Door Switch,Mumbai,2026-05-22
Door Switch,Mumbai,2026-07-21
Door Switch,Mumbai,2026-07-22
Fan,Chennai,2024-11-23
Fan,Chennai,2024-11-24
Fan,Chennai,2024-11-27
Fan,Chennai,2025-06-23
Fan,Chennai,2025-07-12
Fan,Chennai,2025-07-13
Fan,Chennai,2025-07-14
Fan,Chennai,2025-07-15
Fan,Chennai,2025-07-16
Fan,Chennai,2025-08-25
Fan,Chennai,2025-08-26
Fan,Chennai,2026-01-04
Fan,Chennai,2026-01-05
Fan,Chennai,2026-03-17
Fan,Chennai,2026-05-10
Fan,Chennai,2026-05-25
Fan,Chennai,2026-06-13
Fan,Chennai,2026-06-15
Fan,Chennai,2026-06-16
Fan,Chennai,2026-06-18
Magnetron,Delhi,2023-08-20
Magnetron,Delhi,2024-08-17
Magnetron,Delhi,2024-08-18
Magnetron,Delhi,2025-07-13
Magnetron,Delhi,2025-07-14
Magnetron,Delhi,2025-07-15
Magnetron,Delhi,2025-08-20
Magnetron,Delhi,2025-08-21
Magnetron,Delhi,2025-10-17
Magnetron,Delhi,2025-10-18
Magnetron,Delhi,2025-10-19
Magnetron,Delhi,2025-11-19
Magnetron,Delhi,2025-11-20
Magnetron,Delhi,2025-11-21
Magnetron,Delhi,2025-11-22
Magnetron,Delhi,2025-11-23
Magnetron,Delhi,2026-04-17
Magnetron,Delhi,2026-04-18
Magnetron,Delhi,2026-05-23
Magnetron,Delhi,2026-05-25
Magnetron,Delhi,2026-06-15
PRV Valve,Bengaluru,2024-02-25
PRV Valve,Bengaluru,2024-03-19
PRV Valve,Bengaluru,2024-05-19
PRV Valve,Bengaluru,2024-09-14
PRV Valve,Bengaluru,2024-10-17
PRV Valve,Bengaluru,2024-10-19
PRV Valve,Bengaluru,2024-10-21
PRV Valve,Bengaluru,2025-11-15
PRV Valve,Bengaluru,2025-11-16
PRV Valve,Bengaluru,2025-12-22
PRV Valve,Bengaluru,2025-12-23
PRV Valve,Bengaluru,2026-03-14
PRV Valve,Bengaluru,2026-04-22
PRV Valve,Bengaluru,2026-05-24
PRV Valve,Bengaluru,2026-05-25
PRV Valve,Bengaluru,2026-06-11
PRV Valve,Bengaluru,2026-06-12
PRV Valve,Bengaluru,2026-06-13
PRV Valve,Bengaluru,2026-06-14
PRV Valve,Bengaluru,2026-06-30
PRV Valve,Bengaluru,2026-07-14
PRV Valve,Bengaluru,2026-07-15
PRV Valve,Bengaluru,2026-07-16
PRV Valve,Bengaluru,2026-07-17
PRV Valve,Bengaluru,2026-07-18
PRV Valve,Bengaluru,2026-07-19
PRV Valve,Bengaluru,2026-08-05
Compressor,Bengaluru,2025-04-11
Compressor,Bengaluru,2025-05-18
Compressor,Bengaluru,2025-06-22
Compressor,Bengaluru,2025-07-25
Compressor,Bengaluru,2025-07-26
Compressor,Bengaluru,2025-07-27
Compressor,Bengaluru,2025-09-03
Compressor,Bengaluru,2025-09-18
Compressor,Bengaluru,2025-09-19
Compressor,Bengaluru,2025-09-20
Compressor,Bengaluru,2025-09-21
Compressor,Bengaluru,2025-10-09
Compressor,Bengaluru,2025-10-23
Compressor,Bengaluru,2025-10-24
Compressor,Bengaluru,2025-10-25
Compressor,Bengaluru,2025-10-26
Compressor,Bengaluru,2025-12-01
Compressor,Bengaluru,2025-12-16
Compressor,Bengaluru,2025-12-17
Compressor,Bengaluru,2026-04-22
Compressor,Bengaluru,2026-06-23
Compressor,Bengaluru,2026-06-24
Anode Rod,Hyderabad,2024-12-19
Anode Rod,Hyderabad,2025-08-22
Anode Rod,Hyderabad,2025-08-23
Anode Rod,Hyderabad,2025-08-25
Anode Rod,Hyderabad,2025-09-15
Anode Rod,Hyderabad,2025-09-16
Anode Rod,Hyderabad,2025-09-26
Anode Rod,Hyderabad,2025-09-27
Anode Rod,Hyderabad,2025-12-11
Anode Rod,Hyderabad,2025-12-12
Anode Rod,Hyderabad,2025-12-14
Anode Rod,Hyderabad,2026-03-12
Turntable Motor,Ahmedabad,2025-06-17
Turntable Motor,Ahmedabad,2025-06-18
Turntable Motor,Ahmedabad,2025-06-19
Turntable Motor,Ahmedabad,2025-06-20
Turntable Motor,Ahmedabad,2025-07-26
Turntable Motor,Ahmedabad,2025-07-27
Turntable Motor,Ahmedabad,2025-08-14
Turntable Motor,Ahmedabad,2025-08-15
Turntable Motor,Ahmedabad,2025-08-16
Turntable Motor,Ahmedabad,2025-11-06
Turntable Motor,Ahmedabad,2026-01-10
Turntable Motor,Ahmedabad,2026-01-11
Turntable Motor,Ahmedabad,2026-01-12
Turntable Motor,Ahmedabad,2026-01-13
Turntable Motor,Ahmedabad,2026-01-14
Turntable Motor,Ahmedabad,2026-01-15
Turntable Motor,Ahmedabad,2026-05-16
Turntable Motor,Ahmedabad,2026-05-17
Turntable Motor,Ahmedabad,2026-06-16
Turntable Motor,Ahmedabad,2026-07-01
Turntable Motor,Ahmedabad,2026-07-02
Turntable Motor,Ahmedabad,2026-07-16
Turntable Motor,Ahmedabad,2026-07-18
Turntable Motor,Ahmedabad,2026-07-19
Heating Element,Ahmedabad,2023-09-27
Heating Element,Ahmedabad,2023-11-15
Heating Element,Ahmedabad,2023-11-17
Heating Element,Ahmedabad,2023-11-18
Heating Element,Ahmedabad,2025-01-24
Heating Element,Ahmedabad,2025-03-26
Heating Element,Ahmedabad,2025-03-27
Heating Element,Ahmedabad,2025-04-15
Heating Element,Ahmedabad,2025-06-23
Heating Element,Ahmedabad,2025-06-25
Heating Element,Ahmedabad,2025-06-26
Heating Element,Ahmedabad,2025-06-27
Heating Element,Ahmedabad,2025-07-18
Heating Element,Ahmedabad,2026-01-24
Heating Element,Ahmedabad,2026-01-25
Heating Element,Ahmedabad,2026-02-11
Heating Element,Ahmedabad,2026-02-12
Heating Element,Ahmedabad,2026-02-14
Heating Element,Ahmedabad,2026-03-03
Heating Element,Ahmedabad,2026-03-20
PCB,Delhi,2024-10-24
PCB,Delhi,2025-01-17
PCB,Delhi,2025-01-18
PCB,Delhi,2025-02-25
PCB,Delhi,2025-02-26
PCB,Delhi,2025-04-23
PCB,Delhi,2025-04-24
PCB,Delhi,2025-05-15
PCB,Delhi,2025-06-20
PCB,Delhi,2025-06-21
PCB,Delhi,2025-06-22
PCB,Delhi,2025-07-09
PCB,Delhi,2025-07-25
PCB,Delhi,2025-07-26
PCB,Delhi,2025-09-27
PCB,Delhi,2025-10-17
PCB,Delhi,2025-11-25
PCB,Delhi,2025-11-26
PCB,Delhi,2025-12-16
Anode Rod,Delhi,2023-01-14
Anode Rod,Delhi,2023-03-07
Anode Rod,Delhi,2023-09-23
Anode Rod,Delhi,2023-09-24
Anode Rod,Delhi,2023-10-15
Anode Rod,Delhi,2025-01-17
Anode Rod,Delhi,2025-01-18
Anode Rod,Delhi,2025-01-19
Anode Rod,Delhi,2025-01-20
Anode Rod,Delhi,2025-01-21
Anode Rod,Delhi,2025-03-01
Anode Rod,Delhi,2025-03-17
Anode Rod,Delhi,2025-03-18
Anode Rod,Delhi,2025-04-05
Anode Rod,Delhi,2025-04-06
Anode Rod,Delhi,2025-04-20
Anode Rod,Delhi,2025-04-21
Anode Rod,Delhi,2025-06-16
Anode Rod,Delhi,2025-06-17
Anode Rod,Delhi,2025-06-20
Anode Rod,Delhi,2025-06-21
Anode Rod,Delhi,2025-07-09
Anode Rod,Delhi,2025-07-10
Anode Rod,Delhi,2025-07-23
Anode Rod,Delhi,2025-07-24
Anode Rod,Delhi,2025-08-16
Anode Rod,Delhi,2025-08-18
Anode Rod,Delhi,2025-10-14
Anode Rod,Delhi,2025-11-26
Anode Rod,Delhi,2025-11-27
Anode Rod,Delhi,2025-12-12
Anode Rod,Delhi,2025-12-15
Anode Rod,Delhi,2025-12-16
Anode Rod,Delhi,2026-01-25
Anode Rod,Delhi,2026-01-26
Motor,Ahmedabad,2025-02-16
Motor,Ahmedabad,2025-04-16
Motor,Ahmedabad,2025-04-17
Motor,Ahmedabad,2025-06-11
Motor,Ahmedabad,2025-06-13
Motor,Ahmedabad,2025-06-14
Motor,Ahmedabad,2025-06-15
Motor,Ahmedabad,2025-06-16
Motor,Ahmedabad,2025-06-26
Motor,Ahmedabad,2025-06-27
Motor,Ahmedabad,2025-06-28
Motor,Ahmedabad,2025-06-30
Motor,Ahmedabad,2025-07-01
Motor,Ahmedabad,2025-07-17
Motor,Ahmedabad,2025-08-18
Motor,Ahmedabad,2025-08-19
Motor,Ahmedabad,2025-09-06
Motor,Ahmedabad,2025-09-22
Motor,Ahmedabad,2025-10-08
Motor,Ahmedabad,2025-10-09
Motor,Ahmedabad,2025-10-26
Motor,Ahmedabad,2025-10-28
Motor,Ahmedabad,2025-11-10
Motor,Ahmedabad,2025-11-11
Motor,Ahmedabad,2025-11-12
Motor,Ahmedabad,2025-11-13
Motor,Ahmedabad,2025-11-15
Motor,Ahmedabad,2025-11-17
Motor,Ahmedabad,2025-11-28
Motor,Ahmedabad,2025-12-15
Motor,Ahmedabad,2025-12-16
Motor,Ahmedabad,2025-12-17
Motor,Ahmedabad,2026-01-18
Motor,Ahmedabad,2026-01-19
Motor,Ahmedabad,2026-01-20
Motor,Ahmedabad,2026-02-18
Motor,Ahmedabad,2026-02-19
Motor,Ahmedabad,2026-02-20
Motor,Ahmedabad,2026-02-21
Motor,Ahmedabad,2026-03-09
Motor,Ahmedabad,2026-03-22
Motor,Ahmedabad,2026-03-23
Motor,Ahmedabad,2026-03-24
Motor,Ahmedabad,2026-03-25
Motor,Ahmedabad,2026-04-27
Motor,Ahmedabad,2026-05-01
Motor,Ahmedabad,2026-05-09
Motor,Ahmedabad,2026-05-10
Motor,Ahmedabad,2026-05-11
Motor,Ahmedabad,2026-05-13
Motor,Ahmedabad,2026-05-14
Motor,Ahmedabad,2026-05-15
Motor,Ahmedabad,2026-05-16
Motor,Ahmedabad,2026-05-31
Motor,Ahmedabad,2026-06-01
Motor,Ahmedabad,2026-06-02
Motor,Ahmedabad,2026-06-03
Motor,Ahmedabad,2026-06-04
Motor,Ahmedabad,2026-06-16
Motor,Ahmedabad,2026-06-17
Motor,Ahmedabad,2026-06-18
Motor,Ahmedabad,2026-06-20
Motor,Ahmedabad,2026-06-21
Motor,Ahmedabad,2026-07-08
Motor,Ahmedabad,2026-07-22
Motor,Ahmedabad,2026-07-23
Magnetron,Mumbai,2024-04-21
Magnetron,Mumbai,2024-09-17
Magnetron,Mumbai,2024-09-18
Magnetron,Mumbai,2024-09-19
Magnetron,Mumbai,2024-09-20
Magnetron,Mumbai,2024-09-21
Magnetron,Mumbai,2024-10-15
Magnetron,Mumbai,2025-01-17
Magnetron,Mumbai,2025-01-18
Magnetron,Mumbai,2025-08-25
Magnetron,Mumbai,2025-08-26
Magnetron,Mumbai,2025-09-15
Magnetron,Mumbai,2025-09-16
Magnetron,Mumbai,2025-09-17
Magnetron,Mumbai,2025-09-18
Magnetron,Mumbai,2025-11-25
Magnetron,Mumbai,2026-02-26
Magnetron,Mumbai,2026-02-27
Magnetron,Mumbai,2026-03-01
Magnetron,Mumbai,2026-03-20
Magnetron,Mumbai,2026-03-21
Magnetron,Mumbai,2026-04-08
Magnetron,Mumbai,2026-04-27
Magnetron,Mumbai,2026-05-18
Magnetron,Mumbai,2026-06-25
Anode Rod,Bengaluru,2024-12-22
Anode Rod,Bengaluru,2024-12-23
Anode Rod,Bengaluru,2024-12-27
Anode Rod,Bengaluru,2025-05-19
Anode Rod,Bengaluru,2025-11-20
Anode Rod,Bengaluru,2026-02-06
Anode Rod,Bengaluru,2026-02-07
Anode Rod,Bengaluru,2026-02-08
Anode Rod,Bengaluru,2026-02-10
Anode Rod,Bengaluru,2026-02-11
Anode Rod,Bengaluru,2026-02-12
Anode Rod,Bengaluru,2026-02-13
Anode Rod,Bengaluru,2026-02-14
Anode Rod,Bengaluru,2026-02-27
Anode Rod,Bengaluru,2026-03-01
Anode Rod,Bengaluru,2026-06-21
Anode Rod,Bengaluru,2026-07-07
Anode Rod,Bengaluru,2026-07-18
Anode Rod,Bengaluru,2026-07-21
Anode Rod,Bengaluru,2026-07-22
UV Lamp,Bengaluru,2024-12-13
UV Lamp,Bengaluru,2024-12-14
UV Lamp,Bengaluru,2024-12-15
UV Lamp,Bengaluru,2024-12-16
UV Lamp,Bengaluru,2024-12-17
UV Lamp,Bengaluru,2025-11-14
UV Lamp,Bengaluru,2025-11-16
UV Lamp,Bengaluru,2025-12-22
UV Lamp,Bengaluru,2025-12-23
UV Lamp,Bengaluru,2026-01-16
UV Lamp,Bengaluru,2026-02-17
UV Lamp,Bengaluru,2026-02-18
UV Lamp,Bengaluru,2026-02-20
UV Lamp,Bengaluru,2026-02-21
UV Lamp,Bengaluru,2026-03-08
UV Lamp,Bengaluru,2026-03-24
UV Lamp,Bengaluru,2026-04-18
UV Lamp,Bengaluru,2026-05-21
UV Lamp,Bengaluru,2026-05-22
UV Lamp,Bengaluru,2026-05-23
UV Lamp,Bengaluru,2026-06-20
UV Lamp,Bengaluru,2026-06-21
UV Lamp,Bengaluru,2026-06-22
UV Lamp,Bengaluru,2026-06-24
Drain Pump,Kolkata,2024-07-21
Drain Pump,Kolkata,2024-07-23
Drain Pump,Kolkata,2024-10-05
Drain Pump,Kolkata,2024-10-07
Drain Pump,Kolkata,2025-06-18
Drain Pump,Kolkata,2025-06-19
Drain Pump,Kolkata,2025-06-20
Drain Pump,Kolkata,2025-06-21
Drain Pump,Kolkata,2025-07-04
Drain Pump,Kolkata,2025-07-05
Drain Pump,Kolkata,2025-07-06
Drain Pump,Kolkata,2025-07-07
Drain Pump,Kolkata,2025-08-15
Drain Pump,Kolkata,2025-08-16
Drain Pump,Kolkata,2025-09-21
Drain Pump,Kolkata,2025-11-16
Drain Pump,Kolkata,2025-12-24
Drain Pump,Kolkata,2026-01-25
Drain Pump,Kolkata,2026-01-26
Drain Pump,Kolkata,2026-01-27
Drain Pump,Kolkata,2026-02-01
Drain Pump,Kolkata,2026-02-12
Drain Pump,Kolkata,2026-02-13
Drain Pump,Kolkata,2026-02-14
Drain Pump,Kolkata,2026-03-24
Drain Pump,Kolkata,2026-06-24
Drain Pump,Kolkata,2026-06-25
Drain Pump,Kolkata,2026-07-11
Drain Pump,Kolkata,2026-07-13
Drain Pump,Kolkata,2026-07-15
Drain Pump,Kolkata,2026-07-25
Drain Pump,Kolkata,2026-07-26
Thermostat,Mumbai,2025-05-18
Thermostat,Mumbai,2025-10-24
Thermostat,Mumbai,2025-10-25
Thermostat,Mumbai,2025-11-14
Thermostat,Mumbai,2026-02-22
Thermostat,Mumbai,2026-02-23
Thermostat,Mumbai,2026-04-15
Thermostat,Mumbai,2026-04-16
Thermostat,Mumbai,2026-04-17
Thermostat,Mumbai,2026-04-18
Thermostat,Mumbai,2026-04-19
Thermostat,Mumbai,2026-05-24
Thermostat,Mumbai,2026-06-14
Thermostat,Mumbai,2026-07-19
Thermostat,Mumbai,2026-07-20
Thermostat,Mumbai,2026-07-21
Motor,Bengaluru,2025-03-10
Motor,Bengaluru,2025-03-25
Motor,Bengaluru,2025-03-26
Motor,Bengaluru,2025-04-12
Motor,Bengaluru,2025-04-13
Motor,Bengaluru,2025-04-14
Motor,Bengaluru,2025-05-25
Motor,Bengaluru,2025-08-16
Motor,Bengaluru,2025-08-17
Motor,Bengaluru,2025-08-19
Motor,Bengaluru,2025-09-19
Motor,Bengaluru,2025-09-21
Motor,Bengaluru,2025-11-13
Motor,Bengaluru,2025-11-15
Motor,Bengaluru,2025-12-22
Motor,Bengaluru,2026-01-07
Motor,Bengaluru,2026-01-24
Motor,Bengaluru,2026-03-03
Motor,Bengaluru,2026-03-04
Motor,Bengaluru,2026-03-05
Motor,Bengaluru,2026-03-06
Motor,Bengaluru,2026-05-02
Motor,Bengaluru,2026-05-03
Motor,Bengaluru,2026-05-04
Motor,Bengaluru,2026-05-05
Motor,Bengaluru,2026-05-06
Motor,Bengaluru,2026-05-24
Motor,Bengaluru,2026-05-25
PCB,Chennai,2024-05-21
PCB,Chennai,2025-02-18
PCB,Chennai,2025-03-07
PCB,Chennai,2025-03-08
PCB,Chennai,2025-03-24
PCB,Chennai,2025-03-25
PCB,Chennai,2025-03-26
PCB,Chennai,2025-08-13
PCB,Chennai,2025-08-14
PCB,Chennai,2025-09-20
PCB,Chennai,2025-09-21
PCB,Chennai,2025-12-23
PCB,Chennai,2025-12-24
PCB,Chennai,2026-01-13
PCB,Chennai,2026-01-14
PCB,Chennai,2026-02-21
PCB,Chennai,2026-02-22
PCB,Chennai,2026-02-23
PCB,Chennai,2026-02-24
PCB,Chennai,2026-02-25
PCB,Chennai,2026-03-14
PCB,Chennai,2026-03-15
PCB,Chennai,2026-03-16
PCB,Chennai,2026-03-17
PCB,Chennai,2026-04-25
PCB,Chennai,2026-05-14
PCB,Chennai,2026-05-15
PCB,Chennai,2026-06-19
PCB,Chennai,2026-06-20
PCB,Chennai,2026-06-21
Sediment Filter,Chennai,2025-06-20
Sediment Filter,Chennai,2025-06-21
Sediment Filter,Chennai,2025-07-09
Sediment Filter,Chennai,2025-07-27
Sediment Filter,Chennai,2025-08-15
Sediment Filter,Chennai,2025-08-17
Sediment Filter,Chennai,2025-08-18
Sediment Filter,Chennai,2025-10-14
Sediment Filter,Chennai,2025-10-15
Sediment Filter,Chennai,2025-10-16
Sediment Filter,Chennai,2025-11-24
Sediment Filter,Chennai,2025-12-24
Sediment Filter,Chennai,2026-01-15
Sediment Filter,Chennai,2026-01-16
Sediment Filter,Chennai,2026-03-19
Sediment Filter,Chennai,2026-03-20
Sediment Filter,Chennai,2026-05-26
Sediment Filter,Chennai,2026-05-27
Sediment Filter,Chennai,2026-06-13
Sediment Filter,Chennai,2026-06-14
Sediment Filter,Chennai,2026-06-15
Sediment Filter,Chennai,2026-06-27
Sediment Filter,Chennai,2026-08-10
Sediment Filter,Chennai,2026-08-11
PRV Valve,Ahmedabad,2023-10-11
PRV Valve,Ahmedabad,2023-10-13
PRV Valve,Ahmedabad,2024-01-15
PRV Valve,Ahmedabad,2024-01-16
PRV Valve,Ahmedabad,2024-01-27
PRV Valve,Ahmedabad,2024-02-01
PRV Valve,Ahmedabad,2024-02-02
PRV Valve,Ahmedabad,2024-02-03
PRV Valve,Ahmedabad,2024-02-23
PRV Valve,Ahmedabad,2024-10-13
PRV Valve,Ahmedabad,2024-10-14
PRV Valve,Ahmedabad,2025-01-22
PRV Valve,Ahmedabad,2025-01-23
PRV Valve,Ahmedabad,2025-08-15
PRV Valve,Ahmedabad,2026-01-15
PRV Valve,Ahmedabad,2026-02-19
PRV Valve,Ahmedabad,2026-02-20
PRV Valve,Ahmedabad,2026-03-06
PRV Valve,Ahmedabad,2026-04-27
PRV Valve,Ahmedabad,2026-07-14
PRV Valve,Ahmedabad,2026-07-15
PRV Valve,Ahmedabad,2026-07-16
PRV Valve,Ahmedabad,2026-07-17
Belt,Mumbai,2023-11-14
Belt,Mumbai,2023-11-15
Belt,Mumbai,2024-03-26
Belt,Mumbai,2024-03-27
Belt,Mumbai,2024-07-24
Belt,Mumbai,2024-09-15
Belt,Mumbai,2024-09-16
Belt,Mumbai,2024-09-17
Belt,Mumbai,2024-10-21
Belt,Mumbai,2024-10-22
Belt,Mumbai,2024-11-07
Belt,Mumbai,2024-11-23
Belt,Mumbai,2024-11-24
Belt,Mumbai,2024-12-08
Belt,Mumbai,2024-12-09
Belt,Mumbai,2024-12-27
Fuse,Chennai,2025-01-16
Fuse,Chennai,2025-01-17
Fuse,Chennai,2025-02-05
Fuse,Chennai,2025-10-22
Fuse,Chennai,2025-10-23
Fuse,Chennai,2025-10-24
Fuse,Chennai,2025-10-25
Fuse,Chennai,2026-01-06
Fuse,Chennai,2026-01-25
Fuse,Chennai,2026-01-26
Fuse,Chennai,2026-01-27
Fuse,Chennai,2026-02-14
Fuse,Chennai,2026-02-15
Fuse,Chennai,2026-02-16
Fuse,Chennai,2026-03-27
Fuse,Chennai,2026-03-28
Fuse,Chennai,2026-05-08
Fuse,Chennai,2026-05-21
Fuse,Chennai,2026-05-22
Fuse,Chennai,2026-05-23
Fuse,Chennai,2026-05-24
Fuse,Chennai,2026-05-25
Fuse,Chennai,2026-05-27
Fuse,Chennai,2026-06-15
Fuse,Chennai,2026-06-16
Fuse,Chennai,2026-07-21
Fuse,Chennai,2026-07-22
Fuse,Chennai,2026-07-23
Relay,Delhi,2025-01-24
Relay,Delhi,2025-01-25
Relay,Delhi,2025-01-26
Relay,Delhi,2025-02-08
Relay,Delhi,2025-02-09
Relay,Delhi,2025-02-10
Relay,Delhi,2025-02-11
Relay,Delhi,2025-02-12
Relay,Delhi,2025-02-13
Relay,Delhi,2025-02-14
Relay,Delhi,2025-02-22
Relay,Delhi,2025-02-24
Relay,Delhi,2025-02-25
Relay,Delhi,2025-02-26
Relay,Delhi,2025-04-03
Relay,Delhi,2025-04-04
Relay,Delhi,2025-04-15
Relay,Delhi,2025-04-16
Relay,Delhi,2025-04-17
Relay,Delhi,2025-04-18
Relay,Delhi,2025-04-19
Relay,Delhi,2025-05-23
Relay,Delhi,2025-05-24
Relay,Delhi,2025-06-12
Relay,Delhi,2025-06-14
Relay,Delhi,2025-06-15
Relay,Delhi,2025-06-16
Relay,Delhi,2025-07-02
Relay,Delhi,2025-07-16
Relay,Delhi,2025-07-17
Relay,Delhi,2025-07-18
Relay,Delhi,2025-08-01
Relay,Delhi,2025-08-02
Relay,Delhi,2025-08-14
Relay,Delhi,2025-09-17
Relay,Delhi,2025-09-18
Relay,Delhi,2025-09-20
Relay,Delhi,2025-10-06
Relay,Delhi,2025-11-22
Relay,Delhi,2025-11-23
Relay,Delhi,2026-02-16
Relay,Delhi,2026-02-17
Relay,Delhi,2026-06-15
Relay,Delhi,2026-06-16
Relay,Delhi,2026-06-17
Relay,Delhi,2026-06-19
Relay,Delhi,2026-06-20
Relay,Delhi,2026-06-21
Relay,Delhi,2026-07-05
Relay,Delhi,2026-07-06
Relay,Delhi,2026-07-22
Relay,Delhi,2026-07-23
Relay,Delhi,2026-07-25
Magnetron,Hyderabad,2024-03-19
Magnetron,Hyderabad,2024-07-19
Magnetron,Hyderabad,2024-12-19
Magnetron,Hyderabad,2025-02-18
Magnetron,Hyderabad,2025-03-03
Magnetron,Hyderabad,2025-03-04
Magnetron,Hyderabad,2025-03-05
Magnetron,Hyderabad,2025-03-06
Magnetron,Hyderabad,2025-03-07
Magnetron,Hyderabad,2025-03-08
Magnetron,Hyderabad,2025-03-26
Magnetron,Hyderabad,2025-03-27
Magnetron,Hyderabad,2025-04-17
Magnetron,Hyderabad,2025-04-18
Magnetron,Hyderabad,2025-06-01
Magnetron,Hyderabad,2025-06-15
Magnetron,Hyderabad,2025-06-17
Magnetron,Hyderabad,2025-08-23
Magnetron,Hyderabad,2026-02-12
Magnetron,Hyderabad,2026-02-14
Magnetron,Hyderabad,2026-04-21
Magnetron,Hyderabad,2026-04-22
Magnetron,Hyderabad,2026-04-23
Turntable Motor,Delhi,2024-09-25
Turntable Motor,Delhi,2024-09-26
Turntable Motor,Delhi,2025-04-19
Turntable Motor,Delhi,2025-06-15
Turntable Motor,Delhi,2025-06-16
Turntable Motor,Delhi,2025-06-17
Turntable Motor,Delhi,2025-06-18
Turntable Motor,Delhi,2025-10-22
Turntable Motor,Delhi,2025-11-23
Turntable Motor,Delhi,2025-11-24
Turntable Motor,Delhi,2026-01-19
Turntable Motor,Delhi,2026-01-20
Turntable Motor,Delhi,2026-01-22
Turntable Motor,Delhi,2026-04-14
Turntable Motor,Delhi,2026-04-15
Turntable Motor,Delhi,2026-04-16
Turntable Motor,Delhi,2026-05-22
Turntable Motor,Delhi,2026-05-23
Turntable Motor,Delhi,2026-05-24
Turntable Motor,Delhi,2026-06-25
Turntable Motor,Delhi,2026-06-26
Turntable Motor,Delhi,2026-06-27
Turntable Motor,Delhi,2026-07-17
Motor,Delhi,2025-03-24
Motor,Delhi,2025-03-25
Motor,Delhi,2025-03-26
Motor,Delhi,2025-04-15
Motor,Delhi,2025-07-20
Motor,Delhi,2025-08-06
Motor,Delhi,2025-08-16
Motor,Delhi,2025-08-17
Motor,Delhi,2025-08-18
Motor,Delhi,2025-08-19
Motor,Delhi,2025-11-11
Motor,Delhi,2025-11-22
Motor,Delhi,2025-11-23
Motor,Delhi,2025-11-24
Motor,Delhi,2025-11-25
Motor,Delhi,2025-11-26
Motor,Delhi,2025-11-27
Motor,Delhi,2025-12-14
Motor,Delhi,2025-12-15
Motor,Delhi,2025-12-16
Motor,Delhi,2026-01-02
Motor,Delhi,2026-01-18
Motor,Delhi,2026-02-20
Motor,Delhi,2026-02-21
Motor,Delhi,2026-02-22
Motor,Delhi,2026-02-23
Motor,Delhi,2026-02-24
Motor,Delhi,2026-04-29
Motor,Delhi,2026-06-26
Motor,Delhi,2026-06-27
Compressor,Chennai,2024-05-27
Compressor,Chennai,2024-05-28
Compressor,Chennai,2025-03-15
Compressor,Chennai,2025-04-24
Compressor,Chennai,2025-07-14
Compressor,Chennai,2025-07-15
Compressor,Chennai,2025-08-24
Compressor,Chennai,2025-12-05
Compressor,Chennai,2026-01-11
Compressor,Chennai,2026-01-12
Compressor,Chennai,2026-01-13
Compressor,Chennai,2026-01-29
Compressor,Chennai,2026-01-30
Compressor,Chennai,2026-03-06
Compressor,Chennai,2026-03-07
Compressor,Chennai,2026-03-08
Compressor,Chennai,2026-03-26
Compressor,Chennai,2026-04-13
Compressor,Chennai,2026-04-14
Compressor,Chennai,2026-04-29
Compressor,Chennai,2026-04-30
Compressor,Chennai,2026-05-11
Compressor,Chennai,2026-05-12
Compressor,Chennai,2026-05-13
Compressor,Chennai,2026-05-14
Compressor,Chennai,2026-05-15
Compressor,Chennai,2026-05-16
Compressor,Chennai,2026-06-23
Compressor,Chennai,2026-07-12
Compressor,Chennai,2026-07-13
Door Lock,Ahmedabad,2025-01-15
Door Lock,Ahmedabad,2025-01-16
Door Lock,Ahmedabad,2025-02-25
Door Lock,Ahmedabad,2025-03-17
Door Lock,Ahmedabad,2025-03-18
Door Lock,Ahmedabad,2025-06-22
Door Lock,Ahmedabad,2025-06-23
Door Lock,Ahmedabad,2025-08-22
Door Lock,Ahmedabad,2025-08-23
Door Lock,Ahmedabad,2025-08-24
Door Lock,Ahmedabad,2025-09-11
Door Lock,Ahmedabad,2025-09-12
Door Lock,Ahmedabad,2025-09-14
Door Lock,Ahmedabad,2025-09-15
Door Lock,Ahmedabad,2025-10-03
Door Lock,Ahmedabad,2025-10-14
Door Lock,Ahmedabad,2025-10-15
Door Lock,Ahmedabad,2025-10-16
Door Lock,Ahmedabad,2025-10-17
Door Lock,Ahmedabad,2025-10-18
Door Lock,Ahmedabad,2025-10-19
Door Lock,Ahmedabad,2025-10-20
Door Lock,Ahmedabad,2025-10-21
Door Lock,Ahmedabad,2025-11-07
Door Lock,Ahmedabad,2025-11-21
Door Lock,Ahmedabad,2025-12-09
Door Lock,Ahmedabad,2025-12-24
Door Lock,Ahmedabad,2025-12-25
Door Lock,Ahmedabad,2026-01-25
Door Lock,Ahmedabad,2026-01-26
Door Lock,Ahmedabad,2026-01-27
Door Lock,Ahmedabad,2026-02-13
Door Lock,Ahmedabad,2026-02-14
Door Lock,Ahmedabad,2026-02-15
Door Lock,Ahmedabad,2026-02-16
Door Lock,Ahmedabad,2026-03-03
Door Lock,Ahmedabad,2026-03-04
Door Lock,Ahmedabad,2026-03-05
Door Lock,Ahmedabad,2026-03-20
Door Lock,Ahmedabad,2026-04-06
Door Lock,Ahmedabad,2026-04-16
Door Lock,Ahmedabad,2026-04-17
Door Lock,Ahmedabad,2026-04-18
Door Lock,Ahmedabad,2026-04-19
Door Lock,Ahmedabad,2026-04-20
Door Lock,Ahmedabad,2026-04-21
Door Lock,Ahmedabad,2026-04-22
Door Lock,Ahmedabad,2026-04-23
Door Lock,Ahmedabad,2026-05-09
Door Lock,Ahmedabad,2026-05-10
Door Lock,Ahmedabad,2026-05-21
Door Lock,Ahmedabad,2026-05-22
Door Lock,Ahmedabad,2026-05-23
Door Lock,Ahmedabad,2026-05-24
Door Lock,Ahmedabad,2026-05-25
Door Lock,Ahmedabad,2026-05-26
Door Lock,Ahmedabad,2026-05-27
Door Lock,Ahmedabad,2026-06-09
Door Lock,Ahmedabad,2026-06-10
Door Lock,Ahmedabad,2026-06-12
Door Lock,Ahmedabad,2026-06-13
Door Lock,Ahmedabad,2026-06-14
Door Lock,Ahmedabad,2026-06-15
Door Lock,Ahmedabad,2026-06-16
Door Lock,Ahmedabad,2026-07-17
Door Lock,Ahmedabad,2026-07-18
Door Lock,Ahmedabad,2026-07-19
Door Lock,Ahmedabad,2026-07-20
Door Lock,Ahmedabad,2026-07-21
Carbon Filter,Mumbai,2023-10-27
Carbon Filter,Mumbai,2024-04-25
Carbon Filter,Mumbai,2024-09-20
Carbon Filter,Mumbai,2024-10-09
Carbon Filter,Mumbai,2025-01-18
Carbon Filter,Mumbai,2025-07-21
Carbon Filter,Mumbai,2026-02-26
Carbon Filter,Mumbai,2026-02-27
Carbon Filter,Mumbai,2026-03-01
Carbon Filter,Mumbai,2026-03-20
Carbon Filter,Mumbai,2026-03-21
Carbon Filter,Mumbai,2026-04-14
Carbon Filter,Mumbai,2026-04-15
Carbon Filter,Mumbai,2026-04-16
Carbon Filter,Mumbai,2026-05-18
Carbon Filter,Mumbai,2026-06-22
Carbon Filter,Mumbai,2026-06-24
Carbon Filter,Mumbai,2026-07-16
Sediment Filter,Mumbai,2024-06-25
Sediment Filter,Mumbai,2024-06-26
Sediment Filter,Mumbai,2024-06-27
Sediment Filter,Mumbai,2024-11-21
Sediment Filter,Mumbai,2024-11-22
Sediment Filter,Mumbai,2025-10-25
Sediment Filter,Mumbai,2025-10-26
Sediment Filter,Mumbai,2025-10-27
Sediment Filter,Mumbai,2025-11-13
Sediment Filter,Mumbai,2025-11-14
Sediment Filter,Mumbai,2025-11-15
Sediment Filter,Mumbai,2025-11-16
Sediment Filter,Mumbai,2025-12-24
Sediment Filter,Mumbai,2026-01-12
Sediment Filter,Mumbai,2026-01-13
Sediment Filter,Mumbai,2026-01-14
Sediment Filter,Mumbai,2026-03-05
Sediment Filter,Mumbai,2026-03-06
Sediment Filter,Mumbai,2026-03-25
Sediment Filter,Mumbai,2026-05-17
Sediment Filter,Mumbai,2026-05-18
Sediment Filter,Mumbai,2026-05-19
Sediment Filter,Mumbai,2026-06-17
Sediment Filter,Mumbai,2026-06-18
Sediment Filter,Mumbai,2026-06-19
Sediment Filter,Mumbai,2026-06-20
Sediment Filter,Mumbai,2026-06-21
Sediment Filter,Mumbai,2026-07-26
Sediment Filter,Mumbai,2026-07-27
UV Lamp,Chennai,2024-09-18
UV Lamp,Chennai,2024-09-19
UV Lamp,Chennai,2025-02-22
UV Lamp,Chennai,2025-03-10
UV Lamp,Chennai,2025-03-20
UV Lamp,Chennai,2025-03-23
UV Lamp,Chennai,2025-03-25
UV Lamp,Chennai,2025-03-26
UV Lamp,Chennai,2025-03-27
UV Lamp,Chennai,2025-07-13
UV Lamp,Chennai,2025-08-19
UV Lamp,Chennai,2025-08-20
UV Lamp,Chennai,2025-08-21
UV Lamp,Chennai,2025-09-25
UV Lamp,Chennai,2025-09-27
UV Lamp,Chennai,2025-10-13
UV Lamp,Chennai,2025-10-14
UV Lamp,Chennai,2025-10-15
UV Lamp,Chennai,2025-10-17
UV Lamp,Chennai,2025-11-01
UV Lamp,Chennai,2025-11-15
UV Lamp,Chennai,2025-11-17
UV Lamp,Chennai,2026-01-20
UV Lamp,Chennai,2026-01-21
UV Lamp,Chennai,2026-01-23
UV Lamp,Chennai,2026-01-25
UV Lamp,Chennai,2026-01-26
UV Lamp,Chennai,2026-04-27
UV Lamp,Chennai,2026-05-12
UV Lamp,Chennai,2026-05-13
UV Lamp,Chennai,2026-05-14
UV Lamp,Chennai,2026-05-15
UV Lamp,Chennai,2026-05-16
UV Lamp,Chennai,2026-06-20
UV Lamp,Chennai,2026-06-21
UV Lamp,Chennai,2026-07-27
Condenser Coil,Mumbai,2024-11-18
Condenser Coil,Mumbai,2024-12-24
Condenser Coil,Mumbai,2024-12-25
Condenser Coil,Mumbai,2025-01-14
Condenser Coil,Mumbai,2025-01-15
Condenser Coil,Mumbai,2025-02-21
Condenser Coil,Mumbai,2025-02-22
Condenser Coil,Mumbai,2025-03-13
Condenser Coil,Mumbai,2025-03-14
Condenser Coil,Mumbai,2025-04-22
Condenser Coil,Mumbai,2025-05-27
Condenser Coil,Mumbai,2025-06-19
Condenser Coil,Mumbai,2025-10-15
Condenser Coil,Mumbai,2025-11-25
Condenser Coil,Mumbai,2025-12-15
Condenser Coil,Mumbai,2025-12-16
Condenser Coil,Mumbai,2026-01-21
Condenser Coil,Mumbai,2026-01-22
Condenser Coil,Mumbai,2026-01-23
Condenser Coil,Mumbai,2026-03-23
Condenser Coil,Mumbai,2026-04-14
Condenser Coil,Mumbai,2026-04-15
Condenser Coil,Mumbai,2026-05-22
Condenser Coil,Mumbai,2026-06-14
Condenser Coil,Mumbai,2026-06-15
Condenser Coil,Mumbai,2026-06-16
Thermostat,Hyderabad,2024-01-23
Thermostat,Hyderabad,2025-03-21
Thermostat,Hyderabad,2025-03-22
Thermostat,Hyderabad,2025-09-06
Thermostat,Hyderabad,2025-09-21
Thermostat,Hyderabad,2025-09-22
Thermostat,Hyderabad,2025-09-23
Thermostat,Hyderabad,2025-11-24
Thermostat,Hyderabad,2025-11-25
Thermostat,Hyderabad,2025-12-12
Thermostat,Hyderabad,2025-12-13
Thermostat,Hyderabad,2025-12-14
Thermostat,Hyderabad,2025-12-15
Thermostat,Hyderabad,2026-01-16
Thermostat,Hyderabad,2026-01-17
Thermostat,Hyderabad,2026-01-18
Thermostat,Hyderabad,2026-01-19
Thermostat,Hyderabad,2026-01-20
Thermostat,Hyderabad,2026-01-21
Thermostat,Hyderabad,2026-03-19
Thermostat,Hyderabad,2026-03-20
Thermostat,Hyderabad,2026-03-21
Thermostat,Hyderabad,2026-05-15
Thermostat,Hyderabad,2026-05-16
Thermostat,Hyderabad,2026-05-17
Fan Motor,Hyderabad,2024-06-13
Fan Motor,Hyderabad,2024-06-16
Fan Motor,Hyderabad,2024-09-14
Fan Motor,Hyderabad,2024-09-16
Fan Motor,Hyderabad,2025-01-20
Fan Motor,Hyderabad,2025-04-26
Fan Motor,Hyderabad,2025-05-14
Fan Motor,Hyderabad,2025-05-15
Fan Motor,Hyderabad,2025-06-26
Fan Motor,Hyderabad,2025-07-14
Fan Motor,Hyderabad,2025-07-16
Fan Motor,Hyderabad,2025-10-25
Fan Motor,Hyderabad,2025-10-26
Fan Motor,Hyderabad,2025-10-27
Fan Motor,Hyderabad,2026-01-06
Fan Motor,Hyderabad,2026-01-17
Fan Motor,Hyderabad,2026-01-18
Fan Motor,Hyderabad,2026-01-20
Fan Motor,Hyderabad,2026-01-22
Fan Motor,Hyderabad,2026-01-23
Fan Motor,Hyderabad,2026-02-23
Fan Motor,Hyderabad,2026-02-24
Fan Motor,Hyderabad,2026-02-25
Fan Motor,Hyderabad,2026-02-26
Fan Motor,Hyderabad,2026-04-14
Fan Motor,Hyderabad,2026-04-15
Fan Motor,Hyderabad,2026-04-16
Fan Motor,Hyderabad,2026-04-17
Fan Motor,Hyderabad,2026-04-18
Fan Motor,Hyderabad,2026-05-04
Fan Motor,Hyderabad,2026-05-05
Fan Motor,Hyderabad,2026-05-24
Fan Motor,Hyderabad,2026-05-25
Fan Motor,Hyderabad,2026-06-08
Fan Motor,Hyderabad,2026-06-09
Fan Motor,Hyderabad,2026-06-10
Fan Motor,Hyderabad,2026-06-12
Fan Motor,Hyderabad,2026-06-13
Fan Motor,Hyderabad,2026-06-14
Fan Motor,Hyderabad,2026-06-26
Fan Motor,Hyderabad,2026-07-11
Fan Motor,Hyderabad,2026-07-12
Fan Motor,Hyderabad,2026-07-13
Fan Motor,Hyderabad,2026-07-15
Inlet Valve,Hyderabad,2024-04-23
Inlet Valve,Hyderabad,2024-04-24
Inlet Valve,Hyderabad,2024-04-25
Inlet Valve,Hyderabad,2025-07-21
Inlet Valve,Hyderabad,2025-07-23
Inlet Valve,Hyderabad,2026-02-23
Inlet Valve,Hyderabad,2026-03-15
Inlet Valve,Hyderabad,2026-03-26
Inlet Valve,Hyderabad,2026-06-24
Inlet Valve,Hyderabad,2026-06-26
Inlet Valve,Hyderabad,2026-06-27
Turntable Motor,Kolkata,2024-07-09
Turntable Motor,Kolkata,2024-08-20
Turntable Motor,Kolkata,2024-10-11
Turntable Motor,Kolkata,2024-10-12
Turntable Motor,Kolkata,2024-10-14
Turntable Motor,Kolkata,2024-12-18
Turntable Motor,Kolkata,2024-12-19
Turntable Motor,Kolkata,2025-02-20
Turntable Motor,Kolkata,2025-02-21
Turntable Motor,Kolkata,2025-02-22
Turntable Motor,Kolkata,2025-03-09
Turntable Motor,Kolkata,2025-03-11
Turntable Motor,Kolkata,2026-02-15
Turntable Motor,Kolkata,2026-02-16
Turntable Motor,Kolkata,2026-02-17
Turntable Motor,Kolkata,2026-02-18
Turntable Motor,Kolkata,2026-03-08
Turntable Motor,Kolkata,2026-03-09
Turntable Motor,Kolkata,2026-05-24
Turntable Motor,Kolkata,2026-05-26
Heating Element,Mumbai,2025-03-15
Heating Element,Mumbai,2025-04-23
Heating Element,Mumbai,2025-04-24
Heating Element,Mumbai,2025-04-25
Heating Element,Mumbai,2025-07-15
Heating Element,Mumbai,2025-07-16
Heating Element,Mumbai,2025-07-17
Heating Element,Mumbai,2025-08-18
Heating Element,Mumbai,2025-08-19
Heating Element,Mumbai,2025-08-20
Heating Element,Mumbai,2025-08-21
Heating Element,Mumbai,2025-09-22
Heating Element,Mumbai,2025-09-23
Heating Element,Mumbai,2025-09-24
Heating Element,Mumbai,2025-10-12
Heating Element,Mumbai,2025-10-13
Heating Element,Mumbai,2025-10-14
Heating Element,Mumbai,2025-11-22
Heating Element,Mumbai,2025-12-11
Heating Element,Mumbai,2025-12-12
Heating Element,Mumbai,2025-12-13
Heating Element,Mumbai,2025-12-14
Heating Element,Mumbai,2026-01-20
Heating Element,Mumbai,2026-01-21
Heating Element,Mumbai,2026-03-02
Heating Element,Mumbai,2026-03-03
Heating Element,Mumbai,2026-03-19
Heating Element,Mumbai,2026-04-06
Heating Element,Mumbai,2026-04-20
Heating Element,Mumbai,2026-04-21
Heating Element,Mumbai,2026-04-22
Heating Element,Mumbai,2026-04-23
Heating Element,Mumbai,2026-04-24
Heating Element,Mumbai,2026-04-25
Heating Element,Mumbai,2026-05-14
Heating Element,Mumbai,2026-06-17
Heating Element,Mumbai,2026-07-23
Heating Element,Mumbai,2026-07-24
Heating Element,Mumbai,2026-07-25
Belt,Chennai,2023-08-22
Belt,Chennai,2023-08-23
Belt,Chennai,2023-11-24
Belt,Chennai,2024-05-07
Belt,Chennai,2025-04-25
Belt,Chennai,2026-03-15
Belt,Chennai,2026-04-26
Belt,Chennai,2026-06-10
Thermostat,Kolkata,2024-01-15
Thermostat,Kolkata,2024-01-16
Thermostat,Kolkata,2024-01-17
Thermostat,Kolkata,2025-06-24
Thermostat,Kolkata,2025-06-25
Thermostat,Kolkata,2025-06-26
Thermostat,Kolkata,2025-11-21
Thermostat,Kolkata,2025-12-24
Thermostat,Kolkata,2025-12-25
Thermostat,Kolkata,2025-12-27
Thermostat,Kolkata,2026-01-15
Thermostat,Kolkata,2026-01-16
Thermostat,Kolkata,2026-02-19
Thermostat,Kolkata,2026-02-20
Thermostat,Kolkata,2026-02-21
Thermostat,Kolkata,2026-02-22
Thermostat,Kolkata,2026-06-24
Thermostat,Kolkata,2026-06-25
Thermostat,Kolkata,2026-06-26
Thermostat,Kolkata,2026-06-27
Thermostat,Kolkata,2026-07-15
Thermostat,Kolkata,2026-07-16
Filter,Ahmedabad,2023-10-20
Filter,Ahmedabad,2023-10-21
Filter,Ahmedabad,2024-09-22
Filter,Ahmedabad,2024-09-23
Filter,Ahmedabad,2024-09-24
Filter,Ahmedabad,2024-09-25
Filter,Ahmedabad,2024-10-13
Filter,Ahmedabad,2024-10-15
Filter,Ahmedabad,2025-06-23
Filter,Ahmedabad,2025-12-15
Filter,Ahmedabad,2026-01-23
Filter,Ahmedabad,2026-01-24
Filter,Ahmedabad,2026-01-25
Filter,Ahmedabad,2026-01-26
Filter,Ahmedabad,2026-02-27
Filter,Ahmedabad,2026-03-02
Filter,Ahmedabad,2026-03-03
Filter,Ahmedabad,2026-03-04
Filter,Ahmedabad,2026-03-18
Filter,Ahmedabad,2026-03-19
Filter,Ahmedabad,2026-04-16
Filter,Ahmedabad,2026-04-17
Filter,Ahmedabad,2026-04-18
Filter,Ahmedabad,2026-04-19
Filter,Ahmedabad,2026-05-03
Filter,Ahmedabad,2026-05-04
Filter,Ahmedabad,2026-05-12
Filter,Ahmedabad,2026-05-13
Filter,Ahmedabad,2026-05-14
Filter,Ahmedabad,2026-05-15
Filter,Ahmedabad,2026-05-16
Filter,Ahmedabad,2026-05-17
Filter,Ahmedabad,2026-05-18
Filter,Ahmedabad,2026-05-19
Filter,Ahmedabad,2026-06-02
Filter,Ahmedabad,2026-06-15
Filter,Ahmedabad,2026-06-16
Filter,Ahmedabad,2026-06-17
Filter,Ahmedabad,2026-06-18
Filter,Ahmedabad,2026-06-19
Filter,Ahmedabad,2026-06-20
Filter,Ahmedabad,2026-07-05
Filter,Ahmedabad,2026-07-23
Filter,Ahmedabad,2026-07-24
PCB,Bengaluru,2024-10-27
PCB,Bengaluru,2025-03-15
PCB,Bengaluru,2025-04-22
PCB,Bengaluru,2025-04-23
PCB,Bengaluru,2025-08-24
PCB,Bengaluru,2025-08-25
PCB,Bengaluru,2025-08-26
PCB,Bengaluru,2025-09-18
PCB,Bengaluru,2025-10-25
PCB,Bengaluru,2025-10-26
PCB,Bengaluru,2025-10-27
PCB,Bengaluru,2025-11-16
PCB,Bengaluru,2025-11-17
PCB,Bengaluru,2025-11-18
PCB,Bengaluru,2025-12-20
PCB,Bengaluru,2025-12-21
PCB,Bengaluru,2025-12-22
PCB,Bengaluru,2025-12-23
PCB,Bengaluru,2026-01-14
PCB,Bengaluru,2026-02-21
PCB,Bengaluru,2026-02-22
PCB,Bengaluru,2026-03-10
PCB,Bengaluru,2026-03-11
PCB,Bengaluru,2026-04-18
PCB,Bengaluru,2026-04-19
PCB,Bengaluru,2026-05-25
PCB,Bengaluru,2026-05-26
PCB,Bengaluru,2026-06-16
PCB,Ahmedabad,2025-05-21
PCB,Ahmedabad,2025-08-16
PCB,Ahmedabad,2025-10-18
PCB,Ahmedabad,2025-10-19
PCB,Ahmedabad,2025-12-18
PCB,Ahmedabad,2026-01-19
PCB,Ahmedabad,2026-01-20
PCB,Ahmedabad,2026-01-21
PCB,Ahmedabad,2026-02-08
PCB,Ahmedabad,2026-02-21
PCB,Ahmedabad,2026-02-22
PCB,Ahmedabad,2026-02-23
PCB,Ahmedabad,2026-02-24
PCB,Ahmedabad,2026-03-11
PCB,Ahmedabad,2026-03-12
PCB,Ahmedabad,2026-03-13
PCB,Ahmedabad,2026-03-14
PCB,Ahmedabad,2026-03-26
PCB,Ahmedabad,2026-03-27
PCB,Ahmedabad,2026-04-17
PCB,Ahmedabad,2026-05-02
PCB,Ahmedabad,2026-05-03
PCB,Ahmedabad,2026-05-13
PCB,Ahmedabad,2026-05-14
PCB,Ahmedabad,2026-05-15
PCB,Ahmedabad,2026-05-16
PCB,Ahmedabad,2026-05-17
PCB,Ahmedabad,2026-05-18
PCB,Ahmedabad,2026-05-19
PCB,Ahmedabad,2026-06-04
PCB,Ahmedabad,2026-06-18
PCB,Ahmedabad,2026-06-19
PCB,Ahmedabad,2026-06-20
PCB,Ahmedabad,2026-07-23
PCB,Ahmedabad,2026-07-24
PCB,Ahmedabad,2026-07-25
Carbon Filter,Kolkata,2023-08-27
Carbon Filter,Kolkata,2023-11-24
Carbon Filter,Kolkata,2024-06-24
Carbon Filter,Kolkata,2024-06-25
Carbon Filter,Kolkata,2024-06-26
Carbon Filter,Kolkata,2024-07-01
Carbon Filter,Kolkata,2024-07-18
Carbon Filter,Kolkata,2024-07-20
Carbon Filter,Kolkata,2025-01-21
Carbon Filter,Kolkata,2025-01-22
Carbon Filter,Kolkata,2025-01-23
Carbon Filter,Kolkata,2025-01-24
Carbon Filter,Kolkata,2025-01-25
Carbon Filter,Kolkata,2025-01-26
Carbon Filter,Kolkata,2025-01-27
Carbon Filter,Kolkata,2025-02-23
Carbon Filter,Kolkata,2025-03-14
Carbon Filter,Kolkata,2025-04-01
Carbon Filter,Kolkata,2025-04-03
Carbon Filter,Kolkata,2025-04-23
Carbon Filter,Kolkata,2025-07-23
Carbon Filter,Kolkata,2025-07-24
Carbon Filter,Kolkata,2025-08-21
Carbon Filter,Kolkata,2025-10-23
Carbon Filter,Kolkata,2025-10-24
Carbon Filter,Kolkata,2025-10-25
Carbon Filter,Kolkata,2025-10-26
Carbon Filter,Kolkata,2025-10-27
Carbon Filter,Kolkata,2025-11-27
Carbon Filter,Kolkata,2025-12-01
Carbon Filter,Kolkata,2025-12-16
Carbon Filter,Kolkata,2025-12-17
Carbon Filter,Kolkata,2025-12-19
Carbon Filter,Kolkata,2026-01-14
Carbon Filter,Kolkata,2026-06-06
Carbon Filter,Kolkata,2026-06-16
Carbon Filter,Kolkata,2026-06-17
Carbon Filter,Kolkata,2026-06-18
Carbon Filter,Kolkata,2026-06-20
Carbon Filter,Kolkata,2026-06-22
Carbon Filter,Kolkata,2026-06-23
Carbon Filter,Kolkata,2026-06-25
Turntable Motor,Mumbai,2024-11-16
Turntable Motor,Mumbai,2024-11-18
Turntable Motor,Mumbai,2024-11-19
Turntable Motor,Mumbai,2025-06-27
Turntable Motor,Mumbai,2025-09-22
Turntable Motor,Mumbai,2025-09-23
Turntable Motor,Mumbai,2025-11-21
Turntable Motor,Mumbai,2025-11-22
Turntable Motor,Mumbai,2025-12-09
Turntable Motor,Mumbai,2026-01-12
Turntable Motor,Mumbai,2026-01-13
Turntable Motor,Mumbai,2026-01-14
Turntable Motor,Mumbai,2026-01-15
Turntable Motor,Mumbai,2026-01-16
Turntable Motor,Mumbai,2026-01-17
Turntable Motor,Mumbai,2026-01-18
Turntable Motor,Mumbai,2026-02-17
Turntable Motor,Mumbai,2026-02-18
Turntable Motor,Mumbai,2026-02-19
Turntable Motor,Mumbai,2026-03-07
Turntable Motor,Mumbai,2026-03-08
Turntable Motor,Mumbai,2026-03-22
Turntable Motor,Mumbai,2026-05-19
Turntable Motor,Mumbai,2026-08-03
PRV Valve,Chennai,2022-07-21
PRV Valve,Chennai,2025-02-24
PRV Valve,Chennai,2025-03-14
PRV Valve,Chennai,2025-04-01
PRV Valve,Chennai,2025-06-15
PRV Valve,Chennai,2025-06-16
PRV Valve,Chennai,2025-06-18
PRV Valve,Chennai,2025-06-19
PRV Valve,Chennai,2025-07-26
PRV Valve,Chennai,2025-07-27
PRV Valve,Chennai,2025-07-28
PRV Valve,Chennai,2025-09-15
PRV Valve,Chennai,2025-10-02
PRV Valve,Chennai,2025-10-04
PRV Valve,Chennai,2025-10-20
PRV Valve,Chennai,2025-11-21
PRV Valve,Chennai,2025-11-22
PRV Valve,Chennai,2025-11-23
PRV Valve,Chennai,2025-11-24
PRV Valve,Chennai,2025-12-14
PRV Valve,Chennai,2025-12-15
PRV Valve,Chennai,2026-02-22
PRV Valve,Chennai,2026-02-23
PRV Valve,Chennai,2026-02-24
PRV Valve,Chennai,2026-03-13
PRV Valve,Chennai,2026-03-14
PRV Valve,Chennai,2026-03-15
PRV Valve,Chennai,2026-03-16
PRV Valve,Chennai,2026-03-17
PRV Valve,Chennai,2026-06-21
PRV Valve,Chennai,2026-06-22
UV Lamp,Delhi,2023-05-17
UV Lamp,Delhi,2023-06-22
UV Lamp,Delhi,2023-06-23
UV Lamp,Delhi,2024-07-11
UV Lamp,Delhi,2024-07-12
UV Lamp,Delhi,2024-07-13
UV Lamp,Delhi,2024-07-14
UV Lamp,Delhi,2024-08-16
UV Lamp,Delhi,2024-08-18
UV Lamp,Delhi,2024-08-19
UV Lamp,Delhi,2024-08-20
UV Lamp,Delhi,2024-10-13
UV Lamp,Delhi,2024-10-14
UV Lamp,Delhi,2024-10-15
UV Lamp,Delhi,2024-10-16
UV Lamp,Delhi,2024-11-18
UV Lamp,Delhi,2024-11-19
UV Lamp,Delhi,2024-11-20
UV Lamp,Delhi,2026-02-24
UV Lamp,Delhi,2026-02-25
UV Lamp,Delhi,2026-02-26
UV Lamp,Delhi,2026-02-27
UV Lamp,Delhi,2026-06-15
UV Lamp,Delhi,2026-07-15
UV Lamp,Delhi,2026-07-16
Door Lock,Chennai,2023-07-19
Door Lock,Chennai,2023-07-20
Door Lock,Chennai,2023-07-21
Door Lock,Chennai,2023-08-16
Door Lock,Chennai,2023-12-23
Door Lock,Chennai,2024-07-22
Door Lock,Chennai,2024-10-14
Door Lock,Chennai,2025-04-19
Door Lock,Chennai,2025-05-13
Door Lock,Chennai,2025-05-14
Door Lock,Chennai,2025-07-19
Door Lock,Chennai,2025-11-21
Door Lock,Chennai,2025-11-22
Door Lock,Chennai,2025-12-15
Door Lock,Chennai,2025-12-16
Door Lock,Chennai,2026-06-21
Door Lock,Chennai,2026-06-22
Door Lock,Chennai,2026-06-24
Door Lock,Mumbai,2023-11-27
Door Lock,Mumbai,2024-02-15
Door Lock,Mumbai,2024-02-16
Door Lock,Mumbai,2024-03-21
Door Lock,Mumbai,2024-03-22
Door Lock,Mumbai,2024-03-23
Door Lock,Mumbai,2024-03-24
Door Lock,Mumbai,2024-03-25
Door Lock,Mumbai,2024-04-14
Door Lock,Mumbai,2024-05-04
Door Lock,Mumbai,2024-07-17
Door Lock,Mumbai,2024-07-18
Door Lock,Mumbai,2024-10-25
Door Lock,Mumbai,2024-10-26
Door Lock,Mumbai,2024-10-27
Door Lock,Mumbai,2024-11-16
Door Lock,Mumbai,2024-12-22
Door Lock,Mumbai,2024-12-23
Door Lock,Mumbai,2024-12-24
UV Lamp,Ahmedabad,2024-07-15
UV Lamp,Ahmedabad,2024-08-17
UV Lamp,Ahmedabad,2024-10-25
UV Lamp,Ahmedabad,2024-10-26
UV Lamp,Ahmedabad,2024-12-25
UV Lamp,Ahmedabad,2024-12-27
UV Lamp,Ahmedabad,2025-01-16
UV Lamp,Ahmedabad,2025-01-17
UV Lamp,Ahmedabad,2025-01-18
UV Lamp,Ahmedabad,2025-03-24
UV Lamp,Ahmedabad,2025-05-04
UV Lamp,Ahmedabad,2025-05-05
UV Lamp,Ahmedabad,2025-06-08
UV Lamp,Ahmedabad,2025-06-27
UV Lamp,Ahmedabad,2025-07-16
UV Lamp,Ahmedabad,2025-08-17
UV Lamp,Ahmedabad,2025-08-18
UV Lamp,Ahmedabad,2025-10-20
UV Lamp,Ahmedabad,2025-12-23
UV Lamp,Ahmedabad,2026-02-20
UV Lamp,Ahmedabad,2026-02-22
UV Lamp,Ahmedabad,2026-02-23
UV Lamp,Ahmedabad,2026-06-15
UV Lamp,Ahmedabad,2026-07-02
UV Lamp,Ahmedabad,2026-07-03
UV Lamp,Ahmedabad,2026-07-04
UV Lamp,Hyderabad,2025-01-13
UV Lamp,Hyderabad,2025-01-16
UV Lamp,Hyderabad,2025-02-21
UV Lamp,Hyderabad,2025-02-22
UV Lamp,Hyderabad,2025-02-23
UV Lamp,Hyderabad,2025-03-07
UV Lamp,Hyderabad,2025-06-13
UV Lamp,Hyderabad,2025-06-14
UV Lamp,Hyderabad,2025-06-15
UV Lamp,Hyderabad,2025-06-26
UV Lamp,Hyderabad,2025-06-27
UV Lamp,Hyderabad,2025-07-02
UV Lamp,Hyderabad,2025-07-15
UV Lamp,Hyderabad,2025-07-16
UV Lamp,Hyderabad,2025-07-18
UV Lamp,Hyderabad,2025-07-19
UV Lamp,Hyderabad,2025-08-03
UV Lamp,Hyderabad,2025-08-16
UV Lamp,Hyderabad,2025-08-17
UV Lamp,Hyderabad,2025-08-18
UV Lamp,Hyderabad,2025-08-19
UV Lamp,Hyderabad,2025-09-25
UV Lamp,Hyderabad,2025-09-26
UV Lamp,Hyderabad,2025-10-01
UV Lamp,Hyderabad,2025-10-02
UV Lamp,Hyderabad,2025-10-21
UV Lamp,Hyderabad,2025-11-20
UV Lamp,Hyderabad,2025-11-21
UV Lamp,Hyderabad,2026-01-26
UV Lamp,Hyderabad,2026-02-15
UV Lamp,Hyderabad,2026-04-23
UV Lamp,Hyderabad,2026-04-24
UV Lamp,Hyderabad,2026-05-10
UV Lamp,Hyderabad,2026-05-11
UV Lamp,Hyderabad,2026-05-12
UV Lamp,Hyderabad,2026-05-14
UV Lamp,Hyderabad,2026-06-16
UV Lamp,Hyderabad,2026-06-17
UV Lamp,Hyderabad,2026-07-04
UV Lamp,Hyderabad,2026-07-05
UV Lamp,Hyderabad,2026-07-06
UV Lamp,Hyderabad,2026-07-25
Condenser Coil,Kolkata,2022-05-16
Condenser Coil,Kolkata,2023-12-27
Condenser Coil,Kolkata,2024-12-15
Condenser Coil,Kolkata,2024-12-16
Condenser Coil,Kolkata,2024-12-17
Condenser Coil,Kolkata,2025-02-19
Condenser Coil,Kolkata,2025-02-20
Condenser Coil,Kolkata,2025-02-21
Condenser Coil,Kolkata,2025-02-22
Condenser Coil,Kolkata,2025-06-24
Condenser Coil,Kolkata,2025-10-01
Condenser Coil,Kolkata,2025-10-20
Condenser Coil,Kolkata,2026-01-20
Condenser Coil,Kolkata,2026-01-21
Condenser Coil,Kolkata,2026-03-22
Condenser Coil,Kolkata,2026-03-23
Condenser Coil,Kolkata,2026-06-17
Condenser Coil,Kolkata,2026-06-19
Motor,Mumbai,2023-06-16
Motor,Mumbai,2024-03-07
Motor,Mumbai,2024-04-25
Motor,Mumbai,2024-04-26
Motor,Mumbai,2024-04-27
Motor,Mumbai,2024-05-14
Motor,Mumbai,2024-05-15
Motor,Mumbai,2024-05-16
Motor,Mumbai,2024-05-17
Motor,Mumbai,2024-05-18
Motor,Mumbai,2024-07-17
Motor,Mumbai,2024-07-18
Motor,Mumbai,2024-08-20
Motor,Mumbai,2024-08-21
Motor,Mumbai,2024-08-22
Motor,Mumbai,2024-08-23
Motor,Mumbai,2024-08-24
Motor,Mumbai,2024-09-13
Motor,Mumbai,2024-09-14
Motor,Mumbai,2024-09-15
Motor,Mumbai,2024-10-19
Motor,Mumbai,2024-10-20
Motor,Mumbai,2024-10-21
Motor,Mumbai,2024-11-25
Motor,Mumbai,2024-11-27
Motor,Mumbai,2024-12-16
Motor,Mumbai,2024-12-17
Motor,Mumbai,2024-12-18
Motor,Mumbai,2024-12-19
Motor,Mumbai,2025-02-23
Motor,Mumbai,2026-01-24
Motor,Mumbai,2026-07-26
Motor,Mumbai,2026-07-27
Motor,Mumbai,2026-07-28
Membrane,Bengaluru,2024-09-14
Membrane,Bengaluru,2024-09-15
Membrane,Bengaluru,2024-09-16
Membrane,Bengaluru,2024-12-26
Membrane,Bengaluru,2025-11-22
Membrane,Bengaluru,2026-01-18
Membrane,Bengaluru,2026-01-19
Membrane,Bengaluru,2026-02-23
Membrane,Bengaluru,2026-02-24
Membrane,Bengaluru,2026-02-25
Membrane,Bengaluru,2026-03-14
Membrane,Bengaluru,2026-03-15
Membrane,Bengaluru,2026-03-16
Membrane,Bengaluru,2026-04-24
Membrane,Bengaluru,2026-04-26
Membrane,Bengaluru,2026-04-27
Membrane,Bengaluru,2026-05-13
Membrane,Bengaluru,2026-05-14
Membrane,Bengaluru,2026-05-27
Membrane,Bengaluru,2026-05-28
Membrane,Bengaluru,2026-05-29
Membrane,Bengaluru,2026-05-31
Membrane,Bengaluru,2026-06-14
Membrane,Bengaluru,2026-06-15
Membrane,Bengaluru,2026-06-16
Membrane,Bengaluru,2026-06-17
Membrane,Bengaluru,2026-07-04
Membrane,Bengaluru,2026-07-18
Membrane,Bengaluru,2026-07-19
Membrane,Bengaluru,2026-07-20
Membrane,Bengaluru,2026-07-21
Membrane,Bengaluru,2026-07-22
Door Switch,Ahmedabad,2024-06-18
Door Switch,Ahmedabad,2024-06-19
Door Switch,Ahmedabad,2024-09-19
Door Switch,Ahmedabad,2024-09-20
Door Switch,Ahmedabad,2024-09-21
Door Switch,Ahmedabad,2024-10-22
Door Switch,Ahmedabad,2024-10-23
Door Switch,Ahmedabad,2024-10-24
Door Switch,Ahmedabad,2024-10-25
Door Switch,Ahmedabad,2025-02-20
Door Switch,Ahmedabad,2025-04-01
Door Switch,Ahmedabad,2025-04-02
Door Switch,Ahmedabad,2025-04-21
Door Switch,Ahmedabad,2025-04-22
Door Switch,Ahmedabad,2025-06-14
Door Switch,Ahmedabad,2025-06-15
Door Switch,Ahmedabad,2025-09-15
Door Switch,Ahmedabad,2025-09-16
Door Switch,Ahmedabad,2025-09-17
Door Switch,Ahmedabad,2025-09-20
Door Switch,Ahmedabad,2026-02-19
Door Switch,Ahmedabad,2026-02-20
Door Switch,Ahmedabad,2026-02-22
Door Switch,Ahmedabad,2026-02-23
Door Switch,Ahmedabad,2026-03-12
Door Switch,Ahmedabad,2026-03-13
Door Switch,Ahmedabad,2026-03-14
Door Switch,Ahmedabad,2026-04-16
Door Switch,Ahmedabad,2026-04-18
Door Switch,Ahmedabad,2026-04-19
Door Switch,Ahmedabad,2026-07-19
Door Switch,Ahmedabad,2026-07-20
Door Seal,Mumbai,2024-11-20
Door Seal,Mumbai,2024-11-21
Door Seal,Mumbai,2025-02-14
Door Seal,Mumbai,2025-04-27
Door Seal,Mumbai,2025-08-17
Door Seal,Mumbai,2025-08-18
Door Seal,Mumbai,2025-09-25
Door Seal,Mumbai,2025-09-26
Door Seal,Mumbai,2025-09-27
Door Seal,Mumbai,2025-12-24
Door Seal,Mumbai,2025-12-25
Door Seal,Mumbai,2026-01-15
Door Seal,Mumbai,2026-01-16
Door Seal,Mumbai,2026-04-13
Door Seal,Mumbai,2026-04-14
Door Seal,Mumbai,2026-05-21
Door Seal,Mumbai,2026-05-22
Door Seal,Mumbai,2026-06-12
Door Seal,Mumbai,2026-06-13
Door Seal,Mumbai,2026-06-14
Fuse,Bengaluru,2025-01-25
Fuse,Bengaluru,2025-01-26
Fuse,Bengaluru,2025-03-10
Fuse,Bengaluru,2025-07-30
Fuse,Bengaluru,2025-07-31
Fuse,Bengaluru,2025-09-25
Fuse,Bengaluru,2025-09-26
Fuse,Bengaluru,2025-10-14
Fuse,Bengaluru,2025-11-19
Fuse,Bengaluru,2025-12-06
Fuse,Bengaluru,2026-03-26
Fuse,Bengaluru,2026-03-27
Fuse,Bengaluru,2026-05-07
Fuse,Bengaluru,2026-06-16
Fuse,Bengaluru,2026-06-17
Fuse,Bengaluru,2026-06-18
Fuse,Bengaluru,2026-08-08
Fuse,Bengaluru,2026-08-09
Pump,Delhi,2024-07-21
Pump,Delhi,2024-07-22
Pump,Delhi,2024-09-17
Pump,Delhi,2024-12-15
Pump,Delhi,2024-12-16
Pump,Delhi,2024-12-17
Pump,Delhi,2024-12-18
Pump,Delhi,2024-12-19
Pump,Delhi,2025-01-02
Pump,Delhi,2025-01-03
Pump,Delhi,2025-01-05
Pump,Delhi,2026-02-05
Pump,Delhi,2026-05-20
Pump,Delhi,2026-06-06
Pump,Delhi,2026-07-16
Pump,Delhi,2026-07-17
PCB,Hyderabad,2024-04-27
PCB,Hyderabad,2024-11-21
PCB,Hyderabad,2024-11-22
PCB,Hyderabad,2025-02-19
PCB,Hyderabad,2025-06-15
PCB,Hyderabad,2025-06-16
PCB,Hyderabad,2025-07-21
PCB,Hyderabad,2025-07-22
PCB,Hyderabad,2025-07-23
PCB,Hyderabad,2025-10-14
PCB,Hyderabad,2025-10-15
PCB,Hyderabad,2025-10-16
PCB,Hyderabad,2025-11-26
PCB,Hyderabad,2025-11-27
PCB,Hyderabad,2025-12-18
PCB,Hyderabad,2026-01-20
PCB,Hyderabad,2026-01-21
PCB,Hyderabad,2026-01-22
PCB,Hyderabad,2026-01-23
PCB,Hyderabad,2026-02-12
PCB,Hyderabad,2026-02-13
PCB,Hyderabad,2026-02-14
PCB,Hyderabad,2026-03-03
PCB,Hyderabad,2026-03-20
PCB,Hyderabad,2026-04-24
PCB,Hyderabad,2026-04-25
PCB,Hyderabad,2026-04-26
PCB,Hyderabad,2026-04-27
PCB,Hyderabad,2026-05-17
PCB,Hyderabad,2026-05-18
PCB,Hyderabad,2026-06-19
PCB,Hyderabad,2026-06-20
PCB,Hyderabad,2026-06-21
PCB,Hyderabad,2026-06-22
PCB,Hyderabad,2026-06-23
PCB,Hyderabad,2026-07-25
PCB,Hyderabad,2026-07-26
PCB,Hyderabad,2026-07-27
Door Seal,Chennai,2024-12-26
Door Seal,Chennai,2024-12-27
Door Seal,Chennai,2025-03-23
Door Seal,Chennai,2025-05-01
Door Seal,Chennai,2025-06-22
Door Seal,Chennai,2025-06-23
Door Seal,Chennai,2025-06-24
Door Seal,Chennai,2025-10-07
Door Seal,Chennai,2026-05-21
Door Seal,Chennai,2026-07-10
Door Seal,Chennai,2026-07-11
Door Seal,Chennai,2026-07-12
Door Seal,Chennai,2026-07-13
Door Seal,Chennai,2026-07-14
Door Seal,Chennai,2026-07-15
Door Seal,Chennai,2026-08-10
Door Seal,Chennai,2026-08-11
Heating Element,Kolkata,2023-07-23
Heating Element,Kolkata,2023-12-24
Heating Element,Kolkata,2023-12-25
Heating Element,Kolkata,2025-07-25
Heating Element,Kolkata,2026-04-26
Heating Element,Kolkata,2026-04-27
Heating Element,Kolkata,2026-06-19
Heating Element,Kolkata,2026-06-20
Heating Element,Kolkata,2026-06-21
Heating Element,Kolkata,2026-06-22
Condenser Coil,Delhi,2024-12-07
Condenser Coil,Delhi,2024-12-24
Condenser Coil,Delhi,2024-12-25
Condenser Coil,Delhi,2025-01-12
Condenser Coil,Delhi,2025-01-13
Condenser Coil,Delhi,2025-01-14
Condenser Coil,Delhi,2025-02-15
Condenser Coil,Delhi,2025-02-16
Condenser Coil,Delhi,2025-02-17
Condenser Coil,Delhi,2025-02-18
Condenser Coil,Delhi,2025-02-19
Condenser Coil,Delhi,2025-03-07
Condenser Coil,Delhi,2025-03-08
Condenser Coil,Delhi,2025-03-22
Condenser Coil,Delhi,2025-03-23
Condenser Coil,Delhi,2025-03-24
Condenser Coil,Delhi,2025-03-25
Condenser Coil,Delhi,2025-04-11
Condenser Coil,Delhi,2025-04-12
Condenser Coil,Delhi,2025-04-13
Condenser Coil,Delhi,2025-04-14
Condenser Coil,Delhi,2025-04-26
Condenser Coil,Delhi,2025-04-27
Condenser Coil,Delhi,2025-05-14
Condenser Coil,Delhi,2025-05-15
Condenser Coil,Delhi,2025-05-16
Condenser Coil,Delhi,2025-06-14
Condenser Coil,Delhi,2025-06-15
Condenser Coil,Delhi,2025-06-16
Condenser Coil,Delhi,2025-06-17
Condenser Coil,Delhi,2025-06-27
Condenser Coil,Delhi,2025-07-01
Condenser Coil,Delhi,2025-07-02
Condenser Coil,Delhi,2025-07-17
Condenser Coil,Delhi,2025-07-18
Condenser Coil,Delhi,2025-08-26
Condenser Coil,Delhi,2025-08-27
Condenser Coil,Delhi,2025-09-13
Condenser Coil,Delhi,2025-09-14
Condenser Coil,Delhi,2025-09-15
Condenser Coil,Delhi,2025-09-16
Condenser Coil,Delhi,2025-09-17
Condenser Coil,Delhi,2025-10-02
Condenser Coil,Delhi,2025-11-26
Condenser Coil,Delhi,2025-12-15
Condenser Coil,Delhi,2025-12-16
Condenser Coil,Delhi,2025-12-17
Condenser Coil,Delhi,2026-01-22
Condenser Coil,Delhi,2026-01-23
Condenser Coil,Delhi,2026-04-16
Condenser Coil,Delhi,2026-04-17
Condenser Coil,Delhi,2026-05-05
Condenser Coil,Delhi,2026-06-12
Condenser Coil,Delhi,2026-06-13
Condenser Coil,Delhi,2026-06-14
Condenser Coil,Delhi,2026-07-17
Condenser Coil,Delhi,2026-07-18
Condenser Coil,Delhi,2026-07-20
Fan Motor,Mumbai,2024-05-19
Fan Motor,Mumbai,2024-11-15
Fan Motor,Mumbai,2024-11-16
Fan Motor,Mumbai,2024-11-17
Fan Motor,Mumbai,2024-12-20
Fan Motor,Mumbai,2025-01-20
Fan Motor,Mumbai,2025-01-21
Fan Motor,Mumbai,2025-01-22
Fan Motor,Mumbai,2025-01-23
Fan Motor,Mumbai,2025-02-22
Fan Motor,Mumbai,2025-03-07
Fan Motor,Mumbai,2025-03-08
Fan Motor,Mumbai,2025-03-09
Fan Motor,Mumbai,2025-03-10
Fan Motor,Mumbai,2025-03-11
Fan Motor,Mumbai,2025-03-12
Fan Motor,Mumbai,2025-04-20
Fan Motor,Mumbai,2025-05-07
Fan Motor,Mumbai,2025-05-19
Fan Motor,Mumbai,2025-05-20
Fan Motor,Mumbai,2025-05-21
Fan Motor,Mumbai,2025-05-23
Fan Motor,Mumbai,2025-05-24
Fan Motor,Mumbai,2025-06-11
Fan Motor,Mumbai,2025-06-12
Fan Motor,Mumbai,2025-06-13
Fan Motor,Mumbai,2025-06-14
Fan Motor,Mumbai,2025-06-15
Fan Motor,Mumbai,2025-06-16
Fan Motor,Mumbai,2025-06-17
Fan Motor,Mumbai,2025-07-02
Fan Motor,Mumbai,2025-07-14
Fan Motor,Mumbai,2025-07-15
Fan Motor,Mumbai,2025-07-16
Fan Motor,Mumbai,2025-07-17
Fan Motor,Mumbai,2025-09-17
Fan Motor,Mumbai,2025-09-18
Fan Motor,Mumbai,2025-10-04
Fan Motor,Mumbai,2025-10-13
Fan Motor,Mumbai,2025-10-14
Fan Motor,Mumbai,2025-10-16
Fan Motor,Mumbai,2025-10-17
Fan Motor,Mumbai,2025-10-18
Fan Motor,Mumbai,2025-10-19
Fan Motor,Mumbai,2025-12-12
Fan Motor,Mumbai,2025-12-13
Fan Motor,Mumbai,2025-12-14
Fan Motor,Mumbai,2025-12-15
Fan Motor,Mumbai,2026-02-12
Fan Motor,Mumbai,2026-02-13
Fan Motor,Mumbai,2026-04-20
Fan Motor,Mumbai,2026-05-08
Fan Motor,Mumbai,2026-05-24
Inlet Valve,Ahmedabad,2025-01-23
Inlet Valve,Ahmedabad,2025-01-24
Inlet Valve,Ahmedabad,2025-01-25
Inlet Valve,Ahmedabad,2025-01-26
Inlet Valve,Ahmedabad,2025-02-16
Inlet Valve,Ahmedabad,2025-03-17
Inlet Valve,Ahmedabad,2025-03-18
Inlet Valve,Ahmedabad,2025-03-20
Inlet Valve,Ahmedabad,2025-04-27
Inlet Valve,Ahmedabad,2025-05-16
Inlet Valve,Ahmedabad,2025-05-17
Inlet Valve,Ahmedabad,2025-05-18
Inlet Valve,Ahmedabad,2025-06-21
Inlet Valve,Ahmedabad,2025-06-23
Inlet Valve,Ahmedabad,2025-06-24
Inlet Valve,Ahmedabad,2025-06-25
Inlet Valve,Ahmedabad,2025-06-26
Inlet Valve,Ahmedabad,2025-08-10
Inlet Valve,Ahmedabad,2025-08-11
Inlet Valve,Ahmedabad,2025-08-13
Inlet Valve,Ahmedabad,2025-08-15
Inlet Valve,Ahmedabad,2025-08-16
Inlet Valve,Ahmedabad,2025-10-22
Inlet Valve,Ahmedabad,2025-10-23
Inlet Valve,Ahmedabad,2025-10-24
Inlet Valve,Ahmedabad,2025-11-12
Inlet Valve,Ahmedabad,2025-11-13
Inlet Valve,Ahmedabad,2025-11-27
Inlet Valve,Ahmedabad,2025-12-12
Inlet Valve,Ahmedabad,2025-12-13
Inlet Valve,Ahmedabad,2025-12-14
Inlet Valve,Ahmedabad,2025-12-16
Inlet Valve,Ahmedabad,2025-12-17
Inlet Valve,Ahmedabad,2025-12-18
Inlet Valve,Ahmedabad,2026-01-06
Inlet Valve,Ahmedabad,2026-01-07
Inlet Valve,Ahmedabad,2026-01-09
Inlet Valve,Ahmedabad,2026-01-21
Inlet Valve,Ahmedabad,2026-01-22
Inlet Valve,Ahmedabad,2026-01-23
Inlet Valve,Ahmedabad,2026-01-24
Inlet Valve,Ahmedabad,2026-01-25
Inlet Valve,Ahmedabad,2026-02-16
Inlet Valve,Ahmedabad,2026-02-17
Inlet Valve,Ahmedabad,2026-02-18
Inlet Valve,Ahmedabad,2026-03-04
Inlet Valve,Ahmedabad,2026-03-05
Inlet Valve,Ahmedabad,2026-03-06
Inlet Valve,Ahmedabad,2026-03-07
Inlet Valve,Ahmedabad,2026-03-19
Inlet Valve,Ahmedabad,2026-03-20
Inlet Valve,Ahmedabad,2026-03-21
Inlet Valve,Ahmedabad,2026-03-23
Inlet Valve,Ahmedabad,2026-03-24
Inlet Valve,Ahmedabad,2026-03-25
Inlet Valve,Ahmedabad,2026-04-09
Inlet Valve,Ahmedabad,2026-04-19
Inlet Valve,Ahmedabad,2026-04-20
Inlet Valve,Ahmedabad,2026-04-21
Inlet Valve,Ahmedabad,2026-04-22
Inlet Valve,Ahmedabad,2026-04-23
Inlet Valve,Ahmedabad,2026-04-24
Inlet Valve,Ahmedabad,2026-05-11
Inlet Valve,Ahmedabad,2026-05-12
Inlet Valve,Ahmedabad,2026-05-13
Inlet Valve,Ahmedabad,2026-05-15
Inlet Valve,Ahmedabad,2026-07-05
Inlet Valve,Ahmedabad,2026-07-06
Inlet Valve,Ahmedabad,2026-07-20
Inlet Valve,Ahmedabad,2026-07-22
Inlet Valve,Ahmedabad,2026-07-23
Inlet Valve,Ahmedabad,2026-07-24
Inlet Valve,Ahmedabad,2026-08-08
Inlet Valve,Ahmedabad,2026-08-09
Inlet Valve,Ahmedabad,2026-08-10
Inlet Valve,Ahmedabad,2026-08-11
Magnetron,Bengaluru,2023-10-25
Magnetron,Bengaluru,2024-06-17
Magnetron,Bengaluru,2024-06-20
Magnetron,Bengaluru,2024-08-13
Magnetron,Bengaluru,2024-08-14
Magnetron,Bengaluru,2024-08-15
Magnetron,Bengaluru,2024-09-21
Magnetron,Bengaluru,2024-09-22
Magnetron,Bengaluru,2024-10-17
Magnetron,Bengaluru,2024-10-18
Magnetron,Bengaluru,2024-10-19
Magnetron,Bengaluru,2025-01-17
Magnetron,Bengaluru,2025-01-18
Magnetron,Bengaluru,2025-01-19
Magnetron,Bengaluru,2025-01-20
Magnetron,Bengaluru,2025-02-24
Magnetron,Bengaluru,2025-02-25
Magnetron,Bengaluru,2025-03-15
Magnetron,Bengaluru,2025-08-20
Magnetron,Bengaluru,2025-09-27
Magnetron,Bengaluru,2025-11-03
Magnetron,Bengaluru,2025-11-19
Magnetron,Bengaluru,2025-11-20
Magnetron,Bengaluru,2025-11-21
Magnetron,Bengaluru,2025-12-08
Magnetron,Bengaluru,2025-12-09
Magnetron,Bengaluru,2026-01-25
Magnetron,Bengaluru,2026-03-26
Magnetron,Bengaluru,2026-03-27
Magnetron,Bengaluru,2026-05-17
Magnetron,Bengaluru,2026-06-03
Magnetron,Bengaluru,2026-06-04
Magnetron,Bengaluru,2026-06-05
Magnetron,Bengaluru,2026-06-06
Door Seal,Ahmedabad,2023-03-02
Door Seal,Ahmedabad,2023-07-27
Door Seal,Ahmedabad,2023-08-11
Door Seal,Ahmedabad,2023-08-12
Door Seal,Ahmedabad,2023-08-13
Door Seal,Ahmedabad,2023-08-16
Door Seal,Ahmedabad,2023-08-17
Door Seal,Ahmedabad,2023-09-22
Door Seal,Ahmedabad,2023-09-27
Door Seal,Ahmedabad,2023-10-13
Door Seal,Ahmedabad,2023-10-14
Door Seal,Ahmedabad,2023-10-15
Door Seal,Ahmedabad,2023-10-16
Door Seal,Ahmedabad,2023-12-10
Door Seal,Ahmedabad,2023-12-11
Door Seal,Ahmedabad,2023-12-14
Door Seal,Ahmedabad,2024-05-08
Door Seal,Ahmedabad,2024-05-20
Door Seal,Ahmedabad,2024-05-23
Door Seal,Ahmedabad,2024-05-24
Door Seal,Ahmedabad,2024-09-04
Door Seal,Ahmedabad,2024-09-05
Door Seal,Ahmedabad,2024-09-20
Door Seal,Ahmedabad,2024-10-27
Door Seal,Ahmedabad,2026-01-11
Door Seal,Ahmedabad,2026-01-13
Door Seal,Ahmedabad,2026-02-17
Door Seal,Ahmedabad,2026-02-19
Door Seal,Ahmedabad,2026-02-20
Door Seal,Ahmedabad,2026-04-19
Door Seal,Ahmedabad,2026-07-24
Door Seal,Ahmedabad,2026-07-25
Door Seal,Ahmedabad,2026-07-26
Door Seal,Ahmedabad,2026-07-27
Thermostat,Delhi,2025-01-18
Thermostat,Delhi,2025-01-19
Thermostat,Delhi,2025-01-20
Thermostat,Delhi,2025-01-21
Thermostat,Delhi,2025-01-22
Thermostat,Delhi,2025-01-23
Thermostat,Delhi,2025-02-11
Thermostat,Delhi,2025-02-12
Thermostat,Delhi,2025-02-13
Thermostat,Delhi,2025-02-14
Thermostat,Delhi,2025-03-02
Thermostat,Delhi,2025-03-03
Thermostat,Delhi,2025-03-04
Thermostat,Delhi,2025-03-19
Thermostat,Delhi,2025-03-20
Thermostat,Delhi,2025-04-20
Thermostat,Delhi,2025-04-21
Thermostat,Delhi,2025-04-22
Thermostat,Delhi,2025-04-23
Thermostat,Delhi,2025-05-08
Thermostat,Delhi,2025-05-09
Thermostat,Delhi,2025-05-10
Thermostat,Delhi,2025-05-26
Thermostat,Delhi,2025-05-27
Thermostat,Delhi,2025-06-15
Thermostat,Delhi,2025-06-16
Thermostat,Delhi,2025-06-17
Thermostat,Delhi,2025-06-18
Thermostat,Delhi,2025-07-04
Thermostat,Delhi,2025-07-05
Thermostat,Delhi,2025-07-19
Thermostat,Delhi,2025-07-20
Thermostat,Delhi,2025-07-21
Thermostat,Delhi,2025-07-22
Thermostat,Delhi,2025-07-23
Thermostat,Delhi,2025-08-20
Thermostat,Delhi,2025-08-21
Thermostat,Delhi,2025-08-22
Thermostat,Delhi,2025-08-23
Thermostat,Delhi,2025-08-24
Thermostat,Delhi,2025-08-25
Thermostat,Delhi,2025-08-26
Thermostat,Delhi,2025-09-11
Thermostat,Delhi,2025-09-12
Thermostat,Delhi,2025-09-13
Thermostat,Delhi,2025-09-14
Thermostat,Delhi,2025-09-15
Thermostat,Delhi,2025-10-01
Thermostat,Delhi,2025-10-02
Thermostat,Delhi,2025-10-20
Thermostat,Delhi,2025-10-21
Thermostat,Delhi,2025-10-22
Thermostat,Delhi,2025-12-17
Thermostat,Delhi,2026-06-15
Thermostat,Delhi,2026-06-16
Thermostat,Delhi,2026-06-17
Carbon Filter,Bengaluru,2023-03-26
Carbon Filter,Bengaluru,2023-08-26
Carbon Filter,Bengaluru,2023-12-18
Carbon Filter,Bengaluru,2024-10-26
Carbon Filter,Bengaluru,2024-11-14
Carbon Filter,Bengaluru,2024-11-15
Carbon Filter,Bengaluru,2024-11-17
Carbon Filter,Bengaluru,2024-12-22
Carbon Filter,Bengaluru,2024-12-23
Carbon Filter,Bengaluru,2024-12-24
Carbon Filter,Bengaluru,2024-12-25
Carbon Filter,Bengaluru,2025-03-26
Carbon Filter,Bengaluru,2025-12-13
Carbon Filter,Bengaluru,2025-12-14
Carbon Filter,Bengaluru,2026-02-27
Carbon Filter,Bengaluru,2026-03-19
Carbon Filter,Bengaluru,2026-04-07
Carbon Filter,Bengaluru,2026-04-08
Carbon Filter,Bengaluru,2026-05-11
Carbon Filter,Bengaluru,2026-05-12
Carbon Filter,Bengaluru,2026-05-14
Carbon Filter,Bengaluru,2026-05-25
Carbon Filter,Bengaluru,2026-05-26
Carbon Filter,Bengaluru,2026-05-27
Carbon Filter,Bengaluru,2026-06-17
Carbon Filter,Bengaluru,2026-08-11
Drain Pump,Bengaluru,2025-04-14
Drain Pump,Bengaluru,2025-04-15
Drain Pump,Bengaluru,2025-04-16
Drain Pump,Bengaluru,2025-04-17
Drain Pump,Bengaluru,2025-04-18
Drain Pump,Bengaluru,2025-04-19
Drain Pump,Bengaluru,2025-05-25
Drain Pump,Bengaluru,2025-06-11
Drain Pump,Bengaluru,2025-06-12
Drain Pump,Bengaluru,2025-06-13
Drain Pump,Bengaluru,2025-06-14
Drain Pump,Bengaluru,2025-07-17
Drain Pump,Bengaluru,2025-07-18
Drain Pump,Bengaluru,2025-07-19
Drain Pump,Bengaluru,2025-09-13
Drain Pump,Bengaluru,2025-09-14
Drain Pump,Bengaluru,2025-09-15
Drain Pump,Bengaluru,2025-10-23
Drain Pump,Bengaluru,2025-10-24
Drain Pump,Bengaluru,2025-10-25
Drain Pump,Bengaluru,2025-11-14
Drain Pump,Bengaluru,2025-12-18
Drain Pump,Bengaluru,2026-01-22
Drain Pump,Bengaluru,2026-01-23
Drain Pump,Bengaluru,2026-01-24
Drain Pump,Bengaluru,2026-01-25
Drain Pump,Bengaluru,2026-04-20
Drain Pump,Bengaluru,2026-05-26
Drain Pump,Bengaluru,2026-05-27
Drain Pump,Bengaluru,2026-06-17
Magnetron,Ahmedabad,2025-01-09
Magnetron,Ahmedabad,2025-06-16
Magnetron,Ahmedabad,2025-06-19
Magnetron,Ahmedabad,2025-08-26
Magnetron,Ahmedabad,2025-09-13
Magnetron,Ahmedabad,2025-09-14
Magnetron,Ahmedabad,2025-09-15
Magnetron,Ahmedabad,2026-01-14
Magnetron,Ahmedabad,2026-01-15
Magnetron,Ahmedabad,2026-01-16
Magnetron,Ahmedabad,2026-02-23
Magnetron,Ahmedabad,2026-03-11
Magnetron,Ahmedabad,2026-03-14
Magnetron,Ahmedabad,2026-03-15
Magnetron,Ahmedabad,2026-05-20
Magnetron,Ahmedabad,2026-05-21
Magnetron,Ahmedabad,2026-05-22
Magnetron,Ahmedabad,2026-06-23
Magnetron,Ahmedabad,2026-06-24
Pump,Hyderabad,2024-09-09
Pump,Hyderabad,2024-11-13
Pump,Hyderabad,2024-11-14
Pump,Hyderabad,2024-11-15
Pump,Hyderabad,2024-11-17
Pump,Hyderabad,2024-11-18
Pump,Hyderabad,2024-11-19
Pump,Hyderabad,2025-01-16
Pump,Hyderabad,2025-02-26
Pump,Hyderabad,2025-05-20
Pump,Hyderabad,2025-05-21
Pump,Hyderabad,2025-05-22
Pump,Hyderabad,2025-06-25
Pump,Hyderabad,2025-06-26
Pump,Hyderabad,2025-07-10
Pump,Hyderabad,2025-08-19
Pump,Hyderabad,2025-08-20
Pump,Hyderabad,2025-09-05
Pump,Hyderabad,2025-09-06
Pump,Hyderabad,2025-09-18
Pump,Hyderabad,2025-09-19
Pump,Hyderabad,2025-09-22
Pump,Hyderabad,2025-09-23
Pump,Hyderabad,2025-09-24
Pump,Hyderabad,2025-10-27
Pump,Hyderabad,2025-10-31
Pump,Hyderabad,2025-11-01
Pump,Hyderabad,2025-11-18
Pump,Hyderabad,2025-11-19
Pump,Hyderabad,2025-12-09
Pump,Hyderabad,2026-01-09
Pump,Hyderabad,2026-01-10
Pump,Hyderabad,2026-01-11
Pump,Hyderabad,2026-01-12
Pump,Hyderabad,2026-01-13
Pump,Hyderabad,2026-01-15
Pump,Hyderabad,2026-02-20
Pump,Hyderabad,2026-02-21
Pump,Hyderabad,2026-02-22
Pump,Hyderabad,2026-02-24
Pump,Hyderabad,2026-05-26
Pump,Hyderabad,2026-05-27
Pump,Hyderabad,2026-06-09
Pump,Hyderabad,2026-06-10
Pump,Hyderabad,2026-06-11
Pump,Hyderabad,2026-06-12
Pump,Hyderabad,2026-06-14
Pump,Hyderabad,2026-06-29
Pump,Hyderabad,2026-08-09
Pump,Hyderabad,2026-08-10
Filter,Mumbai,2024-12-05
Filter,Mumbai,2025-01-09
Filter,Mumbai,2025-01-10
Filter,Mumbai,2025-01-11
Filter,Mumbai,2025-01-13
Filter,Mumbai,2025-01-14
Filter,Mumbai,2025-01-25
Filter,Mumbai,2025-01-26
Filter,Mumbai,2025-01-27
Filter,Mumbai,2025-02-16
Filter,Mumbai,2025-02-17
Filter,Mumbai,2025-02-18
Filter,Mumbai,2025-02-19
Filter,Mumbai,2025-03-06
Filter,Mumbai,2025-03-07
Filter,Mumbai,2025-03-20
Filter,Mumbai,2025-03-21
Filter,Mumbai,2025-03-22
Filter,Mumbai,2025-05-08
Filter,Mumbai,2025-05-09
Filter,Mumbai,2025-05-10
Filter,Mumbai,2025-05-11
Filter,Mumbai,2025-05-12
Filter,Mumbai,2025-05-13
Filter,Mumbai,2025-05-14
Filter,Mumbai,2025-06-20
Filter,Mumbai,2025-06-21
Filter,Mumbai,2025-06-22
Filter,Mumbai,2025-06-23
Filter,Mumbai,2025-07-22
Filter,Mumbai,2025-07-24
Filter,Mumbai,2025-07-25
Filter,Mumbai,2025-07-26
Filter,Mumbai,2025-09-23
Filter,Mumbai,2025-09-24
Filter,Mumbai,2025-09-26
Filter,Mumbai,2025-09-27
Filter,Mumbai,2025-10-10
Filter,Mumbai,2025-10-11
Filter,Mumbai,2025-10-14
Filter,Mumbai,2025-10-15
Filter,Mumbai,2025-10-16
Filter,Mumbai,2025-10-17
Filter,Mumbai,2025-11-02
Filter,Mumbai,2025-11-03
Filter,Mumbai,2025-11-16
Filter,Mumbai,2025-11-17
Filter,Mumbai,2025-11-18
Filter,Mumbai,2025-11-19
Filter,Mumbai,2025-12-03
Filter,Mumbai,2025-12-05
Filter,Mumbai,2025-12-20
Filter,Mumbai,2025-12-21
Filter,Mumbai,2026-02-16
Filter,Mumbai,2026-02-17
Filter,Mumbai,2026-02-18
Filter,Mumbai,2026-02-20
Filter,Mumbai,2026-04-04
Filter,Mumbai,2026-04-05
Filter,Mumbai,2026-04-23
Filter,Mumbai,2026-05-23
Filter,Mumbai,2026-05-24
Filter,Mumbai,2026-05-25
Filter,Mumbai,2026-05-26
Filter,Mumbai,2026-05-27
Door Lock,Kolkata,2023-07-08
Door Lock,Kolkata,2024-07-20
Door Lock,Kolkata,2024-07-23
Door Lock,Kolkata,2024-11-18
Door Lock,Kolkata,2025-01-10
Door Lock,Kolkata,2025-01-12
Door Lock,Kolkata,2025-01-13
Door Lock,Kolkata,2025-01-14
Door Lock,Kolkata,2025-02-16
Door Lock,Kolkata,2025-04-21
Door Lock,Kolkata,2025-04-22
Door Lock,Kolkata,2025-04-23
Door Lock,Kolkata,2025-04-24
Door Lock,Kolkata,2025-05-07
Door Lock,Kolkata,2025-05-08
Door Lock,Kolkata,2025-05-11
Door Lock,Kolkata,2025-05-12
Door Lock,Kolkata,2025-05-13
Door Lock,Kolkata,2025-05-14
Door Lock,Kolkata,2025-05-15
Door Lock,Kolkata,2025-05-16
Door Lock,Kolkata,2025-06-04
Door Lock,Kolkata,2025-06-05
Door Lock,Kolkata,2025-07-12
Door Lock,Kolkata,2025-07-13
Door Lock,Kolkata,2025-07-14
Door Lock,Kolkata,2026-01-01
Door Lock,Kolkata,2026-01-02
Door Lock,Kolkata,2026-01-03
Door Lock,Kolkata,2026-02-26
Door Lock,Kolkata,2026-02-27
Door Lock,Kolkata,2026-03-01
Door Lock,Kolkata,2026-06-11
Door Lock,Kolkata,2026-06-12
Door Lock,Kolkata,2026-06-14
Door Lock,Kolkata,2026-07-11
Door Lock,Kolkata,2026-07-12
Door Lock,Kolkata,2026-07-14
Door Lock,Kolkata,2026-07-15
Door Lock,Kolkata,2026-07-16
Door Lock,Kolkata,2026-07-17
Door Lock,Delhi,2025-01-18
Door Lock,Delhi,2025-01-19
Door Lock,Delhi,2025-01-21
Door Lock,Delhi,2025-02-14
Door Lock,Delhi,2025-02-15
Door Lock,Delhi,2025-02-16
Door Lock,Delhi,2025-03-03
Door Lock,Delhi,2025-03-04
Door Lock,Delhi,2025-03-05
Door Lock,Delhi,2025-03-20
Door Lock,Delhi,2025-03-21
Door Lock,Delhi,2025-04-26
Door Lock,Delhi,2025-05-17
Door Lock,Delhi,2025-05-18
Door Lock,Delhi,2025-06-20
Door Lock,Delhi,2025-06-21
Door Lock,Delhi,2025-06-22
Door Lock,Delhi,2025-07-22
Door Lock,Delhi,2025-07-23
Door Lock,Delhi,2025-07-25
Door Lock,Delhi,2025-07-26
Door Lock,Delhi,2025-07-27
Door Lock,Delhi,2025-08-13
Door Lock,Delhi,2025-08-14
Door Lock,Delhi,2025-08-15
Door Lock,Delhi,2025-08-16
Door Lock,Delhi,2025-09-17
Door Lock,Delhi,2025-09-18
Door Lock,Delhi,2025-09-19
Door Lock,Delhi,2025-10-04
Door Lock,Delhi,2025-10-06
Door Lock,Delhi,2025-10-07
Door Lock,Delhi,2025-11-10
Door Lock,Delhi,2025-11-11
Door Lock,Delhi,2025-11-12
Door Lock,Delhi,2025-11-13
Door Lock,Delhi,2025-11-14
Door Lock,Delhi,2025-12-17
Door Lock,Delhi,2025-12-18
Door Lock,Delhi,2025-12-19
Door Lock,Delhi,2025-12-20
Door Lock,Delhi,2025-12-21
Door Lock,Delhi,2026-06-21
Door Lock,Delhi,2026-06-22
Door Lock,Delhi,2026-07-13
Door Lock,Delhi,2026-07-15
Gas,Chennai,2024-12-14
Gas,Chennai,2024-12-15
Gas,Chennai,2024-12-16
Gas,Chennai,2025-02-06
Gas,Chennai,2025-10-15
Gas,Chennai,2025-12-04
Gas,Chennai,2026-01-17
Gas,Chennai,2026-02-21
Gas,Chennai,2026-02-22
Gas,Chennai,2026-02-23
Gas,Chennai,2026-03-09
Gas,Chennai,2026-03-12
Gas,Chennai,2026-03-13
Gas,Chennai,2026-03-14
Gas,Chennai,2026-03-15
Gas,Chennai,2026-05-27
Gas,Chennai,2026-07-21
Gas,Chennai,2026-07-22
Membrane,Kolkata,2024-03-20
Membrane,Kolkata,2024-05-13
Membrane,Kolkata,2024-06-20
Membrane,Kolkata,2025-01-14
Membrane,Kolkata,2025-01-15
Membrane,Kolkata,2025-05-25
Membrane,Kolkata,2025-06-17
Membrane,Kolkata,2025-06-18
Membrane,Kolkata,2025-06-20
Membrane,Kolkata,2025-07-10
Membrane,Kolkata,2025-07-22
Membrane,Kolkata,2025-07-23
Membrane,Kolkata,2025-07-24
Membrane,Kolkata,2025-07-25
Membrane,Kolkata,2025-07-26
Membrane,Kolkata,2025-08-12
Membrane,Kolkata,2025-08-13
Membrane,Kolkata,2025-08-14
Membrane,Kolkata,2025-08-15
Membrane,Kolkata,2025-08-24
Membrane,Kolkata,2025-08-25
Membrane,Kolkata,2025-08-27
Membrane,Kolkata,2025-10-25
Membrane,Kolkata,2025-10-26
Membrane,Kolkata,2025-11-15
Membrane,Kolkata,2025-11-16
Membrane,Kolkata,2025-11-17
Membrane,Kolkata,2025-12-01
Membrane,Kolkata,2025-12-02
Membrane,Kolkata,2025-12-03
Membrane,Kolkata,2025-12-16
Membrane,Kolkata,2025-12-17
Membrane,Kolkata,2025-12-18
Membrane,Kolkata,2025-12-19
Membrane,Kolkata,2026-01-07
Membrane,Kolkata,2026-01-22
Membrane,Kolkata,2026-01-23
Membrane,Kolkata,2026-02-09
Membrane,Kolkata,2026-02-24
Membrane,Kolkata,2026-02-25
Membrane,Kolkata,2026-02-26
Membrane,Kolkata,2026-02-27
Membrane,Kolkata,2026-03-19
Membrane,Kolkata,2026-03-20
Membrane,Kolkata,2026-03-21
Membrane,Kolkata,2026-05-26
Membrane,Kolkata,2026-05-27
Membrane,Kolkata,2026-06-12
Membrane,Kolkata,2026-06-13
Membrane,Kolkata,2026-06-15
Membrane,Kolkata,2026-06-16
Relay,Chennai,2021-11-23
Relay,Chennai,2024-10-19
Relay,Chennai,2024-10-20
Relay,Chennai,2025-07-17
Relay,Chennai,2025-07-18
Relay,Chennai,2025-08-16
Relay,Chennai,2025-09-26
Relay,Chennai,2025-11-16
Relay,Chennai,2026-01-14
Relay,Chennai,2026-01-15
Relay,Chennai,2026-01-16
Relay,Chennai,2026-01-19
Relay,Chennai,2026-02-24
Relay,Chennai,2026-02-25
Relay,Chennai,2026-02-27
Relay,Chennai,2026-03-16
Relay,Chennai,2026-03-25
Relay,Chennai,2026-03-27
Relay,Chennai,2026-04-10
Relay,Chennai,2026-04-12
Relay,Chennai,2026-04-26
Relay,Chennai,2026-04-27
Relay,Chennai,2026-05-16
Relay,Chennai,2026-05-19
Relay,Chennai,2026-07-13
Relay,Chennai,2026-07-15
Door Seal,Hyderabad,2023-07-11
Door Seal,Hyderabad,2023-11-23
Door Seal,Hyderabad,2023-11-26
Door Seal,Hyderabad,2023-11-27
Door Seal,Hyderabad,2025-01-12
Door Seal,Hyderabad,2025-01-13
Door Seal,Hyderabad,2025-01-14
Door Seal,Hyderabad,2025-11-26
Door Seal,Hyderabad,2025-11-27
Door Seal,Hyderabad,2025-12-14
Door Seal,Hyderabad,2025-12-16
Door Seal,Hyderabad,2025-12-17
Door Seal,Hyderabad,2026-03-13
Door Seal,Hyderabad,2026-03-14
Door Seal,Hyderabad,2026-03-15
Door Seal,Hyderabad,2026-03-17
Door Seal,Hyderabad,2026-03-18
Door Seal,Hyderabad,2026-05-19
Door Seal,Hyderabad,2026-05-20
Door Seal,Hyderabad,2026-05-21
Door Seal,Hyderabad,2026-05-22
Door Seal,Hyderabad,2026-07-25
Door Seal,Hyderabad,2026-07-26
Door Switch,Kolkata,2023-06-18
Door Switch,Kolkata,2024-02-24
Door Switch,Kolkata,2025-04-13
Door Switch,Kolkata,2025-04-14
Door Switch,Kolkata,2025-07-26
Door Switch,Kolkata,2025-10-01
Door Switch,Kolkata,2025-10-16
Door Switch,Kolkata,2025-10-17
Door Switch,Kolkata,2025-10-18
Door Switch,Kolkata,2025-11-11
Door Switch,Kolkata,2025-11-12
Door Switch,Kolkata,2025-11-13
Door Switch,Kolkata,2026-02-12
Door Switch,Kolkata,2026-02-13
Door Switch,Kolkata,2026-04-22
Door Switch,Kolkata,2026-07-16
Anode Rod,Chennai,2022-06-16
Anode Rod,Chennai,2022-06-18
Anode Rod,Chennai,2023-06-26
Anode Rod,Chennai,2024-03-17
Anode Rod,Chennai,2024-12-20
Anode Rod,Chennai,2024-12-22
Anode Rod,Chennai,2024-12-23
Anode Rod,Chennai,2025-04-08
Anode Rod,Chennai,2025-04-10
Anode Rod,Chennai,2025-05-27
Anode Rod,Chennai,2025-06-14
Anode Rod,Chennai,2025-07-06
Anode Rod,Chennai,2025-07-08
Anode Rod,Chennai,2025-07-09
Anode Rod,Chennai,2025-07-23
Anode Rod,Chennai,2025-07-24
Anode Rod,Chennai,2025-08-22
Anode Rod,Chennai,2025-08-25
Anode Rod,Chennai,2025-08-26
Anode Rod,Chennai,2025-08-27
Anode Rod,Chennai,2025-09-20
Anode Rod,Chennai,2025-10-22
Anode Rod,Chennai,2025-10-23
Anode Rod,Chennai,2025-11-25
Anode Rod,Chennai,2025-12-17
Anode Rod,Chennai,2025-12-18
Anode Rod,Chennai,2026-01-22
Anode Rod,Chennai,2026-01-23
Anode Rod,Chennai,2026-01-25
Anode Rod,Chennai,2026-06-22
Condenser Coil,Hyderabad,2024-10-18
Condenser Coil,Hyderabad,2025-10-21
Condenser Coil,Hyderabad,2025-10-22
Condenser Coil,Hyderabad,2025-12-20
Condenser Coil,Hyderabad,2025-12-21
Condenser Coil,Hyderabad,2026-01-16
Condenser Coil,Hyderabad,2026-01-17
Condenser Coil,Hyderabad,2026-01-18
Condenser Coil,Hyderabad,2026-01-19
Condenser Coil,Hyderabad,2026-01-20
Condenser Coil,Hyderabad,2026-01-21
Condenser Coil,Hyderabad,2026-02-27
Condenser Coil,Hyderabad,2026-03-16
Condenser Coil,Hyderabad,2026-04-02
Condenser Coil,Hyderabad,2026-04-03
Condenser Coil,Hyderabad,2026-04-20
Condenser Coil,Hyderabad,2026-05-08
Condenser Coil,Hyderabad,2026-05-21
Condenser Coil,Hyderabad,2026-05-22
Condenser Coil,Hyderabad,2026-05-23
Condenser Coil,Hyderabad,2026-05-24
Condenser Coil,Hyderabad,2026-06-09
Condenser Coil,Hyderabad,2026-06-10
Condenser Coil,Hyderabad,2026-06-11
Condenser Coil,Hyderabad,2026-06-12
Condenser Coil,Hyderabad,2026-06-13
Condenser Coil,Hyderabad,2026-06-14
Condenser Coil,Hyderabad,2026-06-26
Condenser Coil,Hyderabad,2026-06-27
Condenser Coil,Hyderabad,2026-07-14
Condenser Coil,Hyderabad,2026-07-15
Condenser Coil,Hyderabad,2026-07-16
Membrane,Delhi,2024-08-16
Membrane,Delhi,2024-08-17
Membrane,Delhi,2024-08-18
Membrane,Delhi,2024-09-22
Membrane,Delhi,2024-09-23
Membrane,Delhi,2024-10-12
Membrane,Delhi,2024-11-19
Membrane,Delhi,2026-01-24
Membrane,Delhi,2026-01-25
Membrane,Delhi,2026-03-26
Membrane,Delhi,2026-06-18
Membrane,Delhi,2026-06-19
Membrane,Delhi,2026-06-20
Membrane,Delhi,2026-07-24
Membrane,Delhi,2026-07-25
Membrane,Delhi,2026-07-26
Inlet Valve,Bengaluru,2025-04-18
Inlet Valve,Bengaluru,2025-04-19
Inlet Valve,Bengaluru,2025-06-20
Inlet Valve,Bengaluru,2025-09-17
Inlet Valve,Bengaluru,2025-09-18
Inlet Valve,Bengaluru,2025-09-19
Inlet Valve,Bengaluru,2025-09-20
Inlet Valve,Bengaluru,2025-09-21
Inlet Valve,Bengaluru,2025-10-05
Inlet Valve,Bengaluru,2025-10-06
Inlet Valve,Bengaluru,2025-10-07
Inlet Valve,Bengaluru,2025-10-08
Inlet Valve,Bengaluru,2025-11-15
Inlet Valve,Bengaluru,2025-11-16
Inlet Valve,Bengaluru,2025-11-17
Inlet Valve,Bengaluru,2025-12-22
Inlet Valve,Bengaluru,2025-12-23
Inlet Valve,Bengaluru,2025-12-24
Inlet Valve,Bengaluru,2026-03-19
Inlet Valve,Bengaluru,2026-05-17
Inlet Valve,Bengaluru,2026-05-18
Inlet Valve,Bengaluru,2026-08-07
Pump,Bengaluru,2023-04-24
Pump,Bengaluru,2024-02-22
Pump,Bengaluru,2024-11-28
Pump,Bengaluru,2024-11-29
Pump,Bengaluru,2024-12-01
Pump,Bengaluru,2025-03-24
Pump,Bengaluru,2025-09-26
Pump,Bengaluru,2025-09-27
Pump,Bengaluru,2025-12-15
Pump,Bengaluru,2025-12-16
Pump,Bengaluru,2025-12-17
Pump,Bengaluru,2025-12-18
Pump,Bengaluru,2026-02-15
Pump,Bengaluru,2026-03-01
Pump,Bengaluru,2026-03-03
Pump,Bengaluru,2026-03-04
Pump,Bengaluru,2026-03-05
Pump,Bengaluru,2026-03-22
Pump,Bengaluru,2026-04-07
Pump,Bengaluru,2026-04-26
Pump,Bengaluru,2026-06-01
Pump,Bengaluru,2026-06-16
Pump,Bengaluru,2026-06-17
Pump,Bengaluru,2026-06-18
Pump,Bengaluru,2026-06-19
Pump,Bengaluru,2026-06-20
Pump,Bengaluru,2026-07-23
Pump,Bengaluru,2026-07-25
Pump,Bengaluru,2026-08-10
Pump,Bengaluru,2026-08-11
Fan Motor,Kolkata,2024-04-20
Fan Motor,Kolkata,2024-05-25
Fan Motor,Kolkata,2024-05-26
Fan Motor,Kolkata,2024-05-27
Fan Motor,Kolkata,2024-09-04
Fan Motor,Kolkata,2024-09-05
Condenser Coil,Ahmedabad,2023-07-14
Condenser Coil,Ahmedabad,2023-07-15
Condenser Coil,Ahmedabad,2023-09-19
Condenser Coil,Ahmedabad,2024-06-15
Condenser Coil,Ahmedabad,2024-08-17
Condenser Coil,Ahmedabad,2024-09-04
Condenser Coil,Ahmedabad,2024-09-21
Condenser Coil,Ahmedabad,2024-11-22
Condenser Coil,Ahmedabad,2026-01-26
Condenser Coil,Ahmedabad,2026-01-27
Condenser Coil,Ahmedabad,2026-03-03
Condenser Coil,Ahmedabad,2026-03-05
Condenser Coil,Ahmedabad,2026-03-15
Condenser Coil,Ahmedabad,2026-03-16
Condenser Coil,Ahmedabad,2026-03-17
Condenser Coil,Ahmedabad,2026-03-18
Condenser Coil,Ahmedabad,2026-03-19
Condenser Coil,Ahmedabad,2026-03-20
Condenser Coil,Ahmedabad,2026-03-21
Condenser Coil,Ahmedabad,2026-04-25
Condenser Coil,Ahmedabad,2026-04-27
Condenser Coil,Ahmedabad,2026-05-15
Condenser Coil,Ahmedabad,2026-05-16
Condenser Coil,Ahmedabad,2026-05-17
Condenser Coil,Ahmedabad,2026-05-18
Condenser Coil,Ahmedabad,2026-06-03
Condenser Coil,Ahmedabad,2026-06-21
Condenser Coil,Ahmedabad,2026-07-06
Condenser Coil,Ahmedabad,2026-07-07
Condenser Coil,Ahmedabad,2026-08-10
Condenser Coil,Ahmedabad,2026-08-11
PRV Valve,Mumbai,2025-01-14
PRV Valve,Mumbai,2025-01-15
PRV Valve,Mumbai,2025-04-14
PRV Valve,Mumbai,2025-04-15
PRV Valve,Mumbai,2025-04-16
PRV Valve,Mumbai,2025-07-14
PRV Valve,Mumbai,2025-07-15
PRV Valve,Mumbai,2025-07-16
PRV Valve,Mumbai,2025-08-25
PRV Valve,Mumbai,2025-09-15
PRV Valve,Mumbai,2025-09-16
PRV Valve,Mumbai,2025-10-22
PRV Valve,Mumbai,2026-01-17
PRV Valve,Mumbai,2026-01-18
PRV Valve,Mumbai,2026-01-19
PRV Valve,Mumbai,2026-02-27
PRV Valve,Mumbai,2026-02-28
PRV Valve,Mumbai,2026-03-01
PRV Valve,Mumbai,2026-03-02
PRV Valve,Mumbai,2026-04-20
PRV Valve,Mumbai,2026-04-23
PRV Valve,Mumbai,2026-04-24
PRV Valve,Mumbai,2026-05-14
PRV Valve,Mumbai,2026-05-15
PRV Valve,Mumbai,2026-06-19
PRV Valve,Mumbai,2026-06-20
PRV Valve,Mumbai,2026-06-21
PRV Valve,Mumbai,2026-06-22
PRV Valve,Mumbai,2026-06-23
PRV Valve,Mumbai,2026-07-06
PRV Valve,Mumbai,2026-07-07
PRV Valve,Mumbai,2026-07-08
PRV Valve,Mumbai,2026-07-23
PRV Valve,Mumbai,2026-07-24
PRV Valve,Delhi,2023-04-27
PRV Valve,Delhi,2023-07-27
PRV Valve,Delhi,2025-01-12
PRV Valve,Delhi,2025-01-13
PRV Valve,Delhi,2025-01-14
PRV Valve,Delhi,2025-01-15
PRV Valve,Delhi,2025-01-16
PRV Valve,Delhi,2025-04-20
PRV Valve,Delhi,2025-04-21
PRV Valve,Delhi,2025-05-27
PRV Valve,Delhi,2025-05-28
PRV Valve,Delhi,2025-06-13
PRV Valve,Delhi,2025-06-14
PRV Valve,Delhi,2025-06-15
PRV Valve,Delhi,2025-06-16
PRV Valve,Delhi,2025-06-17
PRV Valve,Delhi,2025-06-18
PRV Valve,Delhi,2025-07-04
PRV Valve,Delhi,2025-07-18
PRV Valve,Delhi,2025-07-19
PRV Valve,Delhi,2025-07-20
PRV Valve,Delhi,2025-08-05
PRV Valve,Delhi,2025-08-06
PRV Valve,Delhi,2025-08-07
PRV Valve,Delhi,2025-08-22
PRV Valve,Delhi,2025-08-23
PRV Valve,Delhi,2025-09-23
PRV Valve,Delhi,2025-10-24
PRV Valve,Delhi,2025-12-06
PRV Valve,Delhi,2025-12-07
PRV Valve,Delhi,2025-12-23
PRV Valve,Delhi,2025-12-24
PRV Valve,Delhi,2025-12-25
PRV Valve,Delhi,2025-12-26
PRV Valve,Delhi,2025-12-27
Relay,Mumbai,2024-08-27
Relay,Mumbai,2024-12-12
Relay,Mumbai,2024-12-13
Relay,Mumbai,2024-12-15
Relay,Mumbai,2025-01-23
Relay,Mumbai,2025-01-24
Relay,Mumbai,2025-09-11
Relay,Mumbai,2025-09-12
Relay,Mumbai,2025-09-14
Relay,Mumbai,2025-11-20
Relay,Mumbai,2025-11-24
Relay,Mumbai,2025-12-27
Relay,Mumbai,2026-01-01
Relay,Mumbai,2026-03-07
Relay,Mumbai,2026-06-21
Relay,Mumbai,2026-06-22
Relay,Mumbai,2026-06-23
Relay,Mumbai,2026-07-12
Relay,Mumbai,2026-07-14
Relay,Mumbai,2026-07-15
Carbon Filter,Hyderabad,2023-03-24
Carbon Filter,Hyderabad,2023-03-25
Carbon Filter,Hyderabad,2023-03-27
Carbon Filter,Hyderabad,2024-01-16
Carbon Filter,Hyderabad,2024-02-26
Carbon Filter,Hyderabad,2024-02-27
Carbon Filter,Hyderabad,2024-04-13
Carbon Filter,Hyderabad,2024-05-22
Carbon Filter,Hyderabad,2024-06-22
Carbon Filter,Hyderabad,2024-06-23
Carbon Filter,Hyderabad,2025-03-16
Carbon Filter,Hyderabad,2025-03-18
Carbon Filter,Hyderabad,2025-03-19
Carbon Filter,Hyderabad,2025-04-22
Carbon Filter,Hyderabad,2025-04-24
Carbon Filter,Hyderabad,2025-04-25
Carbon Filter,Hyderabad,2025-04-27
Carbon Filter,Hyderabad,2025-06-24
Carbon Filter,Hyderabad,2025-06-25
Carbon Filter,Hyderabad,2025-06-26
Carbon Filter,Hyderabad,2025-06-27
Carbon Filter,Hyderabad,2025-08-14
Carbon Filter,Hyderabad,2025-09-11
Carbon Filter,Hyderabad,2025-09-13
Carbon Filter,Hyderabad,2025-12-06
Carbon Filter,Hyderabad,2025-12-07
Carbon Filter,Hyderabad,2025-12-22
Carbon Filter,Hyderabad,2025-12-23
Carbon Filter,Hyderabad,2025-12-25
Carbon Filter,Hyderabad,2025-12-26
Carbon Filter,Hyderabad,2025-12-27
Carbon Filter,Hyderabad,2026-04-20
Carbon Filter,Hyderabad,2026-04-21
Carbon Filter,Hyderabad,2026-05-21
Carbon Filter,Hyderabad,2026-06-16
Carbon Filter,Hyderabad,2026-06-18
Carbon Filter,Hyderabad,2026-06-20
Carbon Filter,Hyderabad,2026-06-23
Carbon Filter,Hyderabad,2026-06-24
Carbon Filter,Hyderabad,2026-07-09
UV Lamp,Kolkata,2024-06-09
UV Lamp,Kolkata,2025-02-26
UV Lamp,Kolkata,2025-03-15
UV Lamp,Kolkata,2025-03-16
UV Lamp,Kolkata,2025-03-17
UV Lamp,Kolkata,2025-07-16
UV Lamp,Kolkata,2025-07-17
UV Lamp,Kolkata,2025-07-25
UV Lamp,Kolkata,2025-07-26
UV Lamp,Kolkata,2025-07-27
UV Lamp,Kolkata,2025-08-16
UV Lamp,Kolkata,2025-08-17
UV Lamp,Kolkata,2025-08-18
UV Lamp,Kolkata,2025-08-19
UV Lamp,Kolkata,2025-08-20
UV Lamp,Kolkata,2025-08-21
UV Lamp,Kolkata,2025-09-19
UV Lamp,Kolkata,2025-09-20
UV Lamp,Kolkata,2025-09-21
UV Lamp,Kolkata,2025-11-17
UV Lamp,Kolkata,2025-12-21
UV Lamp,Kolkata,2025-12-23
UV Lamp,Kolkata,2025-12-24
UV Lamp,Kolkata,2025-12-25
UV Lamp,Kolkata,2026-01-11
UV Lamp,Kolkata,2026-01-12
UV Lamp,Kolkata,2026-01-13
UV Lamp,Kolkata,2026-01-14
UV Lamp,Kolkata,2026-01-15
UV Lamp,Kolkata,2026-01-16
UV Lamp,Kolkata,2026-01-25
UV Lamp,Kolkata,2026-01-26
UV Lamp,Kolkata,2026-01-27
UV Lamp,Kolkata,2026-02-02
UV Lamp,Kolkata,2026-05-21
UV Lamp,Kolkata,2026-05-22
UV Lamp,Kolkata,2026-05-24
UV Lamp,Kolkata,2026-06-25
UV Lamp,Kolkata,2026-06-27
Sediment Filter,Bengaluru,2024-11-18
Sediment Filter,Bengaluru,2024-12-05
Sediment Filter,Bengaluru,2024-12-20
Sediment Filter,Bengaluru,2024-12-21
Sediment Filter,Bengaluru,2024-12-22
Sediment Filter,Bengaluru,2025-12-21
Sediment Filter,Bengaluru,2025-12-22
Sediment Filter,Bengaluru,2026-01-27
Sediment Filter,Bengaluru,2026-02-11
Sediment Filter,Bengaluru,2026-02-12
Sediment Filter,Bengaluru,2026-02-13
Sediment Filter,Bengaluru,2026-02-14
Sediment Filter,Bengaluru,2026-02-16
Sediment Filter,Bengaluru,2026-03-04
Sediment Filter,Bengaluru,2026-05-17
Sediment Filter,Bengaluru,2026-05-18
Sediment Filter,Bengaluru,2026-05-19
Sediment Filter,Bengaluru,2026-05-20
Sediment Filter,Bengaluru,2026-06-21
Sediment Filter,Bengaluru,2026-06-22
Sediment Filter,Bengaluru,2026-06-23
Sediment Filter,Bengaluru,2026-06-24
Sediment Filter,Bengaluru,2026-08-11
Inlet Valve,Mumbai,2023-09-25
Inlet Valve,Mumbai,2024-01-21
Inlet Valve,Mumbai,2024-01-22
Inlet Valve,Mumbai,2024-02-10
Inlet Valve,Mumbai,2024-02-11
Inlet Valve,Mumbai,2024-02-12
Inlet Valve,Mumbai,2024-02-13
Inlet Valve,Mumbai,2024-02-14
Inlet Valve,Mumbai,2024-02-15
Inlet Valve,Mumbai,2024-03-21
Inlet Valve,Mumbai,2024-05-23
Inlet Valve,Mumbai,2024-06-11
Inlet Valve,Mumbai,2024-06-12
Inlet Valve,Mumbai,2024-06-13
Inlet Valve,Mumbai,2024-06-14
Inlet Valve,Mumbai,2024-07-17
Inlet Valve,Mumbai,2024-07-18
Inlet Valve,Mumbai,2024-07-19
Inlet Valve,Mumbai,2024-07-20
Inlet Valve,Mumbai,2024-08-25
Inlet Valve,Mumbai,2024-11-19
Inlet Valve,Mumbai,2024-11-20
Inlet Valve,Mumbai,2024-11-21
Inlet Valve,Mumbai,2024-12-09
Inlet Valve,Mumbai,2024-12-26
Inlet Valve,Mumbai,2025-07-14
Membrane,Ahmedabad,2024-03-15
Membrane,Ahmedabad,2024-03-16
Membrane,Ahmedabad,2024-06-17
Membrane,Ahmedabad,2024-06-18
Membrane,Ahmedabad,2024-06-19
Membrane,Ahmedabad,2024-08-18
Membrane,Ahmedabad,2024-08-19
Membrane,Ahmedabad,2024-10-10
Membrane,Ahmedabad,2024-10-11
Membrane,Ahmedabad,2024-10-12
Membrane,Ahmedabad,2024-12-03
Membrane,Ahmedabad,2024-12-04
Membrane,Ahmedabad,2024-12-05
Membrane,Ahmedabad,2024-12-06
Membrane,Ahmedabad,2025-07-15
Membrane,Ahmedabad,2025-07-17
Membrane,Ahmedabad,2025-07-18
Membrane,Ahmedabad,2025-12-16
Membrane,Ahmedabad,2025-12-17
Membrane,Ahmedabad,2025-12-18
Membrane,Ahmedabad,2026-01-21
Membrane,Ahmedabad,2026-06-15
Relay,Hyderabad,2023-01-24
Relay,Hyderabad,2023-06-15
Relay,Hyderabad,2023-09-27
Relay,Hyderabad,2024-09-18
Relay,Hyderabad,2026-03-06
Relay,Hyderabad,2026-03-08
Relay,Hyderabad,2026-03-09
Relay,Hyderabad,2026-03-11
Relay,Hyderabad,2026-03-12
Relay,Hyderabad,2026-04-18
Relay,Hyderabad,2026-05-12
Relay,Hyderabad,2026-05-14
Fan,Bengaluru,2023-10-12
Fan,Bengaluru,2024-03-20
Fan,Bengaluru,2024-10-19
Fan,Bengaluru,2025-02-15
Fan,Bengaluru,2025-02-16
Fan,Bengaluru,2025-02-17
Fan,Bengaluru,2025-04-11
Fan,Bengaluru,2025-04-12
Fan,Bengaluru,2025-04-13
Fan,Bengaluru,2025-04-14
Fan,Bengaluru,2025-04-15
Fan,Bengaluru,2025-05-20
Fan,Bengaluru,2025-07-12
Fan,Bengaluru,2025-07-13
Fan,Bengaluru,2025-07-14
Fan,Bengaluru,2025-07-18
Fan,Bengaluru,2025-07-19
Fan,Bengaluru,2025-08-17
Fan,Bengaluru,2025-08-19
Fan,Bengaluru,2025-08-20
Fan,Bengaluru,2025-08-21
Fan,Bengaluru,2025-10-18
Fan,Bengaluru,2025-10-19
Fan,Bengaluru,2025-10-20
Fan,Bengaluru,2025-10-21
Fan,Bengaluru,2025-12-05
Filter,Kolkata,2024-06-24
Filter,Kolkata,2024-06-25
Filter,Kolkata,2024-12-07
Filter,Kolkata,2024-12-08
Filter,Kolkata,2025-06-24
Filter,Kolkata,2025-10-21
Filter,Kolkata,2025-10-22
Filter,Kolkata,2026-03-26
Filter,Kolkata,2026-05-19
Filter,Kolkata,2026-05-21
Membrane,Chennai,2023-10-20
Membrane,Chennai,2023-10-21
Membrane,Chennai,2024-03-15
Membrane,Chennai,2025-05-26
Membrane,Chennai,2025-07-18
Membrane,Chennai,2025-07-19
Membrane,Chennai,2025-07-20
Membrane,Chennai,2025-07-21
Membrane,Chennai,2025-08-08
Membrane,Chennai,2025-08-23
Membrane,Chennai,2025-10-18
Membrane,Chennai,2025-10-19
Membrane,Chennai,2025-10-20
Membrane,Chennai,2025-11-23
Membrane,Chennai,2025-11-24
Membrane,Chennai,2025-12-14
Membrane,Chennai,2025-12-15
Membrane,Chennai,2026-01-17
Membrane,Chennai,2026-01-18
Membrane,Chennai,2026-01-19
Membrane,Chennai,2026-02-21
Membrane,Chennai,2026-02-22
Membrane,Chennai,2026-02-23
Membrane,Chennai,2026-02-24
Membrane,Chennai,2026-06-07
Membrane,Chennai,2026-06-22
Membrane,Chennai,2026-06-23
Belt,Hyderabad,2024-06-26
Belt,Hyderabad,2024-06-27
Belt,Hyderabad,2024-11-30
Belt,Hyderabad,2026-01-25
Belt,Hyderabad,2026-01-26
Belt,Hyderabad,2026-01-27
Belt,Hyderabad,2026-01-28
Belt,Hyderabad,2026-03-07
Belt,Hyderabad,2026-03-08
Belt,Hyderabad,2026-03-09
Belt,Hyderabad,2026-05-20
Belt,Hyderabad,2026-05-21
Magnetron,Kolkata,2023-11-02
Magnetron,Kolkata,2023-11-24
Magnetron,Kolkata,2024-08-23
Magnetron,Kolkata,2024-09-15
Magnetron,Kolkata,2025-01-14
Magnetron,Kolkata,2025-01-16
Magnetron,Kolkata,2025-04-24
Magnetron,Kolkata,2025-04-25
Magnetron,Kolkata,2025-07-16
Magnetron,Kolkata,2025-07-18
Magnetron,Kolkata,2025-10-18
Magnetron,Kolkata,2026-01-22
Magnetron,Kolkata,2026-01-23
Magnetron,Kolkata,2026-06-03
Magnetron,Kolkata,2026-06-19
Magnetron,Kolkata,2026-07-26
Turntable Motor,Chennai,2022-07-21
Turntable Motor,Chennai,2024-07-22
Turntable Motor,Chennai,2025-04-18
Turntable Motor,Chennai,2025-06-26
Turntable Motor,Chennai,2025-06-27
Turntable Motor,Chennai,2025-10-20
Turntable Motor,Chennai,2025-10-21
Turntable Motor,Chennai,2025-11-23
Turntable Motor,Chennai,2025-11-24
Turntable Motor,Chennai,2025-11-25
Turntable Motor,Chennai,2025-11-26
Turntable Motor,Chennai,2025-11-27
Turntable Motor,Chennai,2025-12-13
Turntable Motor,Chennai,2025-12-15
Turntable Motor,Chennai,2025-12-16
Turntable Motor,Chennai,2026-02-25
Turntable Motor,Chennai,2026-02-26
Turntable Motor,Chennai,2026-03-18
Turntable Motor,Chennai,2026-06-09
Turntable Motor,Chennai,2026-06-12
Turntable Motor,Chennai,2026-06-14
Turntable Motor,Chennai,2026-07-05
Pump,Kolkata,2024-07-17
Pump,Kolkata,2024-08-18
Pump,Kolkata,2024-10-01
Pump,Kolkata,2024-10-02
Pump,Kolkata,2024-10-05
Pump,Kolkata,2025-05-02
Pump,Kolkata,2025-06-07
Pump,Kolkata,2025-06-24
Pump,Kolkata,2025-08-26
Pump,Kolkata,2025-08-27
Pump,Kolkata,2025-09-11
Pump,Kolkata,2025-09-13
Pump,Kolkata,2025-10-18
Pump,Kolkata,2025-10-20
Pump,Kolkata,2025-11-05
Pump,Kolkata,2025-11-19
Pump,Kolkata,2025-12-24
Pump,Kolkata,2026-01-06
Pump,Kolkata,2026-01-07
Pump,Kolkata,2026-01-21
Pump,Kolkata,2026-01-22
Pump,Kolkata,2026-02-05
Pump,Kolkata,2026-02-23
Pump,Kolkata,2026-02-24
Pump,Kolkata,2026-04-26
Pump,Kolkata,2026-06-12
Pump,Kolkata,2026-06-14
Pump,Kolkata,2026-06-17
Pump,Kolkata,2026-06-18
Pump,Kolkata,2026-07-02
Pump,Kolkata,2026-07-04
Pump,Kolkata,2026-07-19
Carbon Filter,Ahmedabad,2024-05-22
Carbon Filter,Ahmedabad,2024-05-23
Carbon Filter,Ahmedabad,2024-08-03
Carbon Filter,Ahmedabad,2024-08-04
Carbon Filter,Ahmedabad,2024-10-24
Carbon Filter,Ahmedabad,2024-10-27
Carbon Filter,Ahmedabad,2024-11-14
Carbon Filter,Ahmedabad,2024-11-15
Carbon Filter,Ahmedabad,2024-11-17
Carbon Filter,Ahmedabad,2024-11-18
Carbon Filter,Ahmedabad,2024-11-19
Carbon Filter,Ahmedabad,2024-12-16
Carbon Filter,Ahmedabad,2024-12-17
Carbon Filter,Ahmedabad,2024-12-19
Carbon Filter,Ahmedabad,2025-01-14
Carbon Filter,Ahmedabad,2025-01-15
Carbon Filter,Ahmedabad,2025-06-20
Carbon Filter,Ahmedabad,2025-06-22
Carbon Filter,Ahmedabad,2025-06-23
Carbon Filter,Ahmedabad,2025-06-24
Carbon Filter,Ahmedabad,2025-06-25
Carbon Filter,Ahmedabad,2025-09-13
Carbon Filter,Ahmedabad,2025-09-15
Carbon Filter,Ahmedabad,2025-09-17
Carbon Filter,Ahmedabad,2025-11-14
Carbon Filter,Ahmedabad,2025-11-15
Carbon Filter,Ahmedabad,2026-02-23
Carbon Filter,Ahmedabad,2026-02-25
Carbon Filter,Ahmedabad,2026-05-16
Carbon Filter,Ahmedabad,2026-05-20
Carbon Filter,Ahmedabad,2026-05-22
Carbon Filter,Ahmedabad,2026-06-27
UV Lamp,Mumbai,2024-06-22
UV Lamp,Mumbai,2024-09-25
UV Lamp,Mumbai,2024-10-15
UV Lamp,Mumbai,2024-10-16
UV Lamp,Mumbai,2025-02-23
UV Lamp,Mumbai,2025-06-18
UV Lamp,Mumbai,2025-06-19
UV Lamp,Mumbai,2025-06-20
UV Lamp,Mumbai,2025-06-21
UV Lamp,Mumbai,2025-10-19
UV Lamp,Mumbai,2025-10-20
UV Lamp,Mumbai,2025-10-21
UV Lamp,Mumbai,2025-10-22
UV Lamp,Mumbai,2026-02-17
UV Lamp,Mumbai,2026-02-18
UV Lamp,Mumbai,2026-02-19
UV Lamp,Mumbai,2026-02-20
UV Lamp,Mumbai,2026-02-21
UV Lamp,Mumbai,2026-02-22
UV Lamp,Mumbai,2026-02-23
UV Lamp,Mumbai,2026-02-24
UV Lamp,Mumbai,2026-04-20
UV Lamp,Mumbai,2026-05-24
UV Lamp,Mumbai,2026-05-25
UV Lamp,Mumbai,2026-05-26
UV Lamp,Mumbai,2026-05-27
UV Lamp,Mumbai,2026-06-14
UV Lamp,Mumbai,2026-06-15
UV Lamp,Mumbai,2026-06-16
UV Lamp,Mumbai,2026-06-17
UV Lamp,Mumbai,2026-06-26
UV Lamp,Mumbai,2026-06-27
UV Lamp,Mumbai,2026-07-16
UV Lamp,Mumbai,2026-07-17
UV Lamp,Mumbai,2026-07-18
UV Lamp,Mumbai,2026-07-19
UV Lamp,Mumbai,2026-07-20
UV Lamp,Mumbai,2026-08-05
UV Lamp,Mumbai,2026-08-06
Fuse,Delhi,2024-11-19
Fuse,Delhi,2024-11-20
Fuse,Delhi,2024-11-21
Fuse,Delhi,2025-07-13
Fuse,Delhi,2025-07-14
Fuse,Delhi,2025-10-26
Fuse,Delhi,2025-10-27
Fuse,Delhi,2025-10-28
Fuse,Delhi,2025-12-23
Fuse,Delhi,2025-12-24
Fuse,Delhi,2025-12-26
Fuse,Delhi,2026-01-12
Fuse,Delhi,2026-01-13
Fuse,Delhi,2026-01-14
Fuse,Delhi,2026-01-15
Fuse,Delhi,2026-04-05
Fuse,Delhi,2026-04-06
Fuse,Delhi,2026-04-25
Fuse,Delhi,2026-05-14
Fuse,Delhi,2026-05-15
Fuse,Delhi,2026-05-16
Fuse,Delhi,2026-06-21
Fuse,Delhi,2026-06-22
Fuse,Delhi,2026-07-10
Compressor,Delhi,2024-05-24
Compressor,Delhi,2024-05-25
Compressor,Delhi,2024-06-16
Compressor,Delhi,2024-11-21
Compressor,Delhi,2025-03-17
Compressor,Delhi,2025-03-18
Compressor,Delhi,2025-03-19
Compressor,Delhi,2025-04-06
Compressor,Delhi,2025-04-19
Compressor,Delhi,2025-04-20
Compressor,Delhi,2025-04-21
Compressor,Delhi,2025-04-22
Compressor,Delhi,2025-04-23
Compressor,Delhi,2025-05-08
Compressor,Delhi,2025-05-09
Compressor,Delhi,2025-05-10
Compressor,Delhi,2025-05-27
Compressor,Delhi,2025-06-13
Compressor,Delhi,2025-06-14
Compressor,Delhi,2025-06-15
Compressor,Delhi,2025-07-16
Compressor,Delhi,2025-07-17
Compressor,Delhi,2025-07-18
Compressor,Delhi,2025-09-06
Compressor,Delhi,2025-09-07
Compressor,Delhi,2025-09-08
Compressor,Delhi,2025-09-23
Compressor,Delhi,2025-09-24
Compressor,Delhi,2025-09-25
Compressor,Delhi,2025-10-13
Compressor,Delhi,2025-10-28
Compressor,Delhi,2025-10-29
Compressor,Delhi,2025-10-30
Compressor,Delhi,2025-11-14
Compressor,Delhi,2025-11-15
Compressor,Delhi,2025-11-16
Compressor,Delhi,2025-11-17
Compressor,Delhi,2025-12-03
Compressor,Delhi,2025-12-04
Compressor,Delhi,2025-12-18
Compressor,Delhi,2025-12-19
Compressor,Delhi,2025-12-20
Compressor,Delhi,2026-01-07
Compressor,Delhi,2026-03-03
Compressor,Delhi,2026-03-20
Compressor,Delhi,2026-05-22
Compressor,Delhi,2026-06-26
Compressor,Delhi,2026-06-27
Compressor,Delhi,2026-06-28
Compressor,Delhi,2026-06-29
Compressor,Delhi,2026-07-17
Door Lock,Bengaluru,2023-12-24
Door Lock,Bengaluru,2025-01-16
Door Lock,Bengaluru,2025-01-17
Door Lock,Bengaluru,2025-03-15
Door Lock,Bengaluru,2025-04-26
Door Lock,Bengaluru,2025-04-27
Door Lock,Bengaluru,2025-08-02
Door Lock,Bengaluru,2025-08-03
Door Lock,Bengaluru,2025-08-17
Door Lock,Bengaluru,2025-08-18
Door Lock,Bengaluru,2025-08-19
Door Lock,Bengaluru,2025-08-20
Door Lock,Bengaluru,2025-09-16
Door Lock,Bengaluru,2025-09-17
Door Lock,Bengaluru,2025-09-18
Door Lock,Bengaluru,2025-09-19
Door Lock,Bengaluru,2025-09-21
Door Lock,Bengaluru,2025-09-22
Door Lock,Bengaluru,2025-10-23
Door Lock,Bengaluru,2025-10-24
Door Lock,Bengaluru,2025-10-25
Door Lock,Bengaluru,2025-12-24
Door Lock,Bengaluru,2026-04-22
Door Lock,Bengaluru,2026-04-23
Door Lock,Bengaluru,2026-04-24
Door Lock,Bengaluru,2026-04-25
Door Lock,Bengaluru,2026-06-02
Door Lock,Bengaluru,2026-07-15
Fan,Hyderabad,2023-11-22
Fan,Hyderabad,2024-07-18
Fan,Hyderabad,2024-07-19
Fan,Hyderabad,2024-07-21
Fan,Hyderabad,2025-03-24
Fan,Hyderabad,2025-11-25
Fan,Hyderabad,2025-11-26
Fan,Hyderabad,2025-11-27
Fan,Hyderabad,2026-01-22
Fan,Hyderabad,2026-02-24
Fan,Hyderabad,2026-02-25
Fan,Hyderabad,2026-02-26
Fan,Hyderabad,2026-03-15
Fan,Hyderabad,2026-04-11
Fan,Hyderabad,2026-04-12
Fan,Hyderabad,2026-04-16
Fan,Hyderabad,2026-04-17
Fan,Hyderabad,2026-05-18
Fan,Hyderabad,2026-05-19
Fan,Hyderabad,2026-05-21
Fan,Hyderabad,2026-05-22
Condenser Coil,Chennai,2024-09-22
Condenser Coil,Chennai,2025-04-17
Condenser Coil,Chennai,2025-04-18
Condenser Coil,Chennai,2025-05-23
Condenser Coil,Chennai,2025-10-14
Condenser Coil,Chennai,2025-11-17
Condenser Coil,Chennai,2025-11-18
Condenser Coil,Chennai,2025-12-24
Condenser Coil,Chennai,2026-01-08
Condenser Coil,Chennai,2026-01-09
Condenser Coil,Chennai,2026-01-27
Condenser Coil,Chennai,2026-02-20
Condenser Coil,Chennai,2026-04-14
Condenser Coil,Chennai,2026-04-15
Condenser Coil,Chennai,2026-06-09
Condenser Coil,Chennai,2026-06-19
Condenser Coil,Chennai,2026-06-20
Condenser Coil,Chennai,2026-06-21
Condenser Coil,Chennai,2026-06-22
Condenser Coil,Chennai,2026-06-23
Condenser Coil,Chennai,2026-06-24
Pump,Mumbai,2025-07-02
Pump,Mumbai,2025-07-03
Pump,Mumbai,2025-07-04
Pump,Mumbai,2025-07-05
Pump,Mumbai,2025-07-06
Pump,Mumbai,2025-07-19
Pump,Mumbai,2025-07-20
Pump,Mumbai,2025-07-21
Pump,Mumbai,2025-07-22
Pump,Mumbai,2025-08-13
Pump,Mumbai,2025-10-16
Pump,Mumbai,2025-11-21
Pump,Mumbai,2025-11-22
Pump,Mumbai,2025-12-07
Pump,Mumbai,2025-12-09
Pump,Mumbai,2025-12-10
Pump,Mumbai,2026-01-17
Pump,Mumbai,2026-01-18
Pump,Mumbai,2026-04-18
Pump,Mumbai,2026-05-03
Pump,Mumbai,2026-05-04
Pump,Mumbai,2026-05-05
Pump,Mumbai,2026-05-23
Pump,Mumbai,2026-06-04
Pump,Mumbai,2026-06-05
Pump,Mumbai,2026-06-06
Pump,Mumbai,2026-06-07
Pump,Mumbai,2026-06-20
Pump,Mumbai,2026-06-21
Pump,Mumbai,2026-06-22
Pump,Mumbai,2026-06-23
Pump,Mumbai,2026-07-09
Pump,Mumbai,2026-07-26
Condenser Coil,Bengaluru,2024-08-17
Condenser Coil,Bengaluru,2024-09-22
Condenser Coil,Bengaluru,2024-09-23
Condenser Coil,Bengaluru,2025-02-25
Condenser Coil,Bengaluru,2025-02-26
Condenser Coil,Bengaluru,2025-02-27
Condenser Coil,Bengaluru,2025-03-01
Condenser Coil,Bengaluru,2025-03-15
Condenser Coil,Bengaluru,2025-03-16
Condenser Coil,Bengaluru,2025-03-17
Condenser Coil,Bengaluru,2025-05-11
Condenser Coil,Bengaluru,2025-05-12
Condenser Coil,Bengaluru,2025-05-13
Condenser Coil,Bengaluru,2025-05-14
Condenser Coil,Bengaluru,2025-07-12
Condenser Coil,Bengaluru,2025-07-13
Condenser Coil,Bengaluru,2025-07-14
Condenser Coil,Bengaluru,2025-07-15
Condenser Coil,Bengaluru,2025-08-23
Condenser Coil,Bengaluru,2025-08-24
Condenser Coil,Bengaluru,2025-09-25
Condenser Coil,Bengaluru,2025-09-26
Condenser Coil,Bengaluru,2025-09-27
Condenser Coil,Bengaluru,2025-11-20
Condenser Coil,Bengaluru,2025-11-21
Condenser Coil,Bengaluru,2025-11-22
Condenser Coil,Bengaluru,2025-11-23
Condenser Coil,Bengaluru,2025-12-22
Condenser Coil,Bengaluru,2025-12-23
Condenser Coil,Bengaluru,2025-12-24
Condenser Coil,Bengaluru,2025-12-25
Condenser Coil,Bengaluru,2025-12-26
Condenser Coil,Bengaluru,2025-12-27
Condenser Coil,Bengaluru,2026-05-19
Condenser Coil,Bengaluru,2026-05-20
Condenser Coil,Bengaluru,2026-05-21
Drain Pump,Hyderabad,2024-09-20
Drain Pump,Hyderabad,2024-12-16
Drain Pump,Hyderabad,2024-12-17
Drain Pump,Hyderabad,2024-12-19
Drain Pump,Hyderabad,2025-07-23
Drain Pump,Hyderabad,2026-01-15
Drain Pump,Hyderabad,2026-06-26
Drain Pump,Hyderabad,2026-07-11
Drain Pump,Hyderabad,2026-07-14
Drain Pump,Chennai,2023-06-17
Drain Pump,Chennai,2023-06-18
Drain Pump,Chennai,2023-09-26
Drain Pump,Chennai,2023-10-16
Drain Pump,Chennai,2023-10-17
Drain Pump,Chennai,2026-03-09
Drain Pump,Chennai,2026-03-15
Drain Pump,Chennai,2026-04-24
Drain Pump,Chennai,2026-06-21
Drain Pump,Chennai,2026-06-22
Magnetron,Chennai,2025-09-20
Magnetron,Chennai,2025-09-21
Magnetron,Chennai,2025-09-22
Magnetron,Chennai,2025-11-20
Magnetron,Chennai,2025-11-22
Magnetron,Chennai,2025-12-27
Magnetron,Chennai,2026-01-15
Magnetron,Chennai,2026-01-17
Magnetron,Chennai,2026-01-18
Filter,Bengaluru,2023-04-18
Filter,Bengaluru,2023-08-18
Filter,Bengaluru,2023-12-21
Filter,Bengaluru,2023-12-22
Filter,Bengaluru,2023-12-23
Filter,Bengaluru,2024-11-14
Filter,Bengaluru,2024-11-15
Filter,Bengaluru,2024-11-16
Filter,Bengaluru,2025-04-18
Filter,Bengaluru,2025-04-19
Filter,Bengaluru,2025-04-21
Filter,Bengaluru,2025-05-22
Filter,Bengaluru,2025-05-23
Filter,Bengaluru,2025-08-20
Filter,Bengaluru,2025-08-21
Filter,Bengaluru,2025-08-24
Filter,Bengaluru,2025-09-16
Filter,Bengaluru,2025-11-20
Filter,Bengaluru,2025-12-24
Filter,Bengaluru,2025-12-25
Filter,Bengaluru,2025-12-26
Filter,Bengaluru,2025-12-27
Filter,Bengaluru,2026-02-09
Filter,Bengaluru,2026-04-18
Filter,Bengaluru,2026-04-19
Filter,Bengaluru,2026-06-04
Filter,Bengaluru,2026-06-05
Filter,Bengaluru,2026-06-20
Filter,Bengaluru,2026-06-21
Filter,Delhi,2024-02-12
Filter,Delhi,2024-02-14
Filter,Delhi,2024-05-13
Filter,Delhi,2024-05-14
Filter,Delhi,2024-05-16
Filter,Delhi,2024-08-08
Filter,Delhi,2024-10-15
Filter,Delhi,2024-10-16
Filter,Delhi,2024-10-17
Filter,Delhi,2024-10-18
Filter,Delhi,2024-10-19
Filter,Delhi,2024-11-26
Filter,Delhi,2024-11-27
Filter,Delhi,2025-01-27
Filter,Delhi,2025-03-25
Filter,Delhi,2025-04-15
Filter,Delhi,2025-04-16
Filter,Delhi,2025-04-17
Filter,Delhi,2025-04-18
Filter,Delhi,2025-06-19
Filter,Delhi,2025-06-20
Filter,Delhi,2025-06-21
Filter,Delhi,2025-06-22
Filter,Delhi,2025-07-22
Filter,Delhi,2025-07-23
Filter,Delhi,2025-11-18
Filter,Delhi,2025-11-20
Filter,Delhi,2025-11-22
Filter,Delhi,2025-11-23
Filter,Delhi,2025-11-24
Filter,Delhi,2026-01-16
Filter,Delhi,2026-01-18
Thermostat,Ahmedabad,2023-04-20
Thermostat,Ahmedabad,2024-03-21
Thermostat,Ahmedabad,2024-12-22
Thermostat,Ahmedabad,2025-07-25
Thermostat,Ahmedabad,2026-02-21
Thermostat,Ahmedabad,2026-02-22
Thermostat,Ahmedabad,2026-02-23
Thermostat,Ahmedabad,2026-02-24
Thermostat,Ahmedabad,2026-02-25
Thermostat,Ahmedabad,2026-05-18
Thermostat,Ahmedabad,2026-05-19
Thermostat,Ahmedabad,2026-05-20
Thermostat,Ahmedabad,2026-05-21
Thermostat,Ahmedabad,2026-07-17
Fuse,Hyderabad,2024-05-25
Fuse,Hyderabad,2024-05-26
Fuse,Hyderabad,2025-07-05
Fuse,Hyderabad,2025-07-06
Fuse,Hyderabad,2025-07-23
Fuse,Hyderabad,2025-08-27
Fuse,Hyderabad,2025-08-30
Fuse,Hyderabad,2025-08-31
Fuse,Hyderabad,2025-12-27
Fuse,Hyderabad,2026-01-13
Fuse,Hyderabad,2026-01-14
Fuse,Hyderabad,2026-01-16
Fuse,Hyderabad,2026-02-20
Fuse,Hyderabad,2026-05-23
Fuse,Hyderabad,2026-05-24
Fuse,Hyderabad,2026-06-12
Fuse,Hyderabad,2026-07-24
PCB,Kolkata,2025-03-22
PCB,Kolkata,2025-10-20
PCB,Kolkata,2025-10-21
PCB,Kolkata,2025-11-26
PCB,Kolkata,2025-11-27
PCB,Kolkata,2025-12-18
PCB,Kolkata,2025-12-19
PCB,Kolkata,2026-06-21
PCB,Kolkata,2026-06-22
PCB,Kolkata,2026-06-23
PCB,Kolkata,2026-06-24
PCB,Kolkata,2026-06-25
Fan Motor,Bengaluru,2024-03-09
Fan Motor,Bengaluru,2025-02-01
Fan Motor,Bengaluru,2025-02-02
Fan Motor,Bengaluru,2025-02-23
Fan Motor,Bengaluru,2025-04-13
Fan Motor,Bengaluru,2025-04-14
Fan Motor,Bengaluru,2025-04-15
Fan Motor,Bengaluru,2025-04-16
Fan Motor,Bengaluru,2025-04-17
Fan Motor,Bengaluru,2025-04-18
Fan Motor,Bengaluru,2025-04-19
Fan Motor,Bengaluru,2025-04-20
Fan Motor,Bengaluru,2025-05-05
Fan Motor,Bengaluru,2025-05-07
Fan Motor,Bengaluru,2025-05-08
Fan Motor,Bengaluru,2025-07-13
Fan Motor,Bengaluru,2025-07-14
Fan Motor,Bengaluru,2025-07-16
Fan Motor,Bengaluru,2025-09-20
Fan Motor,Bengaluru,2025-09-21
Fan Motor,Bengaluru,2025-09-22
Fan Motor,Bengaluru,2025-09-23
Fan Motor,Bengaluru,2025-12-06
Fan Motor,Bengaluru,2025-12-15
Fan Motor,Bengaluru,2025-12-16
Fan Motor,Bengaluru,2025-12-17
Fan Motor,Bengaluru,2025-12-18
Fan Motor,Bengaluru,2025-12-20
Fan Motor,Bengaluru,2026-01-14
Fan Motor,Bengaluru,2026-02-15
Fan Motor,Bengaluru,2026-02-16
Fan Motor,Bengaluru,2026-02-17
Fan Motor,Bengaluru,2026-02-18
Fan Motor,Bengaluru,2026-02-19
Fan Motor,Bengaluru,2026-03-07
Fan Motor,Bengaluru,2026-04-18
Fan Motor,Bengaluru,2026-06-14
Fan Motor,Bengaluru,2026-06-15
Fan Motor,Bengaluru,2026-06-16
Fan,Mumbai,2024-08-25
Fan,Mumbai,2024-09-17
Fan,Mumbai,2025-05-20
Fan,Mumbai,2025-05-21
Fan,Mumbai,2025-05-22
Fan,Mumbai,2025-06-08
Fan,Mumbai,2025-07-25
Fan,Mumbai,2025-09-16
Fan,Mumbai,2025-09-17
Fan,Mumbai,2025-11-22
Fan,Mumbai,2025-12-08
Fan,Mumbai,2025-12-25
Fan,Mumbai,2025-12-26
Fan,Mumbai,2026-01-14
Fan,Mumbai,2026-01-15
Fan,Mumbai,2026-01-16
Fan,Mumbai,2026-07-14
Gas,Hyderabad,2022-07-18
Gas,Hyderabad,2022-07-22
Gas,Hyderabad,2024-05-10
Gas,Hyderabad,2024-05-12
Gas,Hyderabad,2024-06-24
Gas,Hyderabad,2024-06-26
Gas,Hyderabad,2024-12-12
Gas,Hyderabad,2024-12-13
Gas,Hyderabad,2024-12-14
Gas,Hyderabad,2025-03-14
Gas,Hyderabad,2025-03-15
Gas,Hyderabad,2025-03-17
Gas,Hyderabad,2025-03-18
Gas,Hyderabad,2025-09-27
Gas,Hyderabad,2026-02-23
Gas,Hyderabad,2026-04-19
Gas,Hyderabad,2026-04-20
Gas,Hyderabad,2026-06-12
Gas,Hyderabad,2026-07-17
Gas,Hyderabad,2026-07-20
Gas,Hyderabad,2026-07-21
Compressor,Mumbai,2025-01-15
Compressor,Mumbai,2025-02-23
Compressor,Mumbai,2025-02-24
Compressor,Mumbai,2025-04-20
Compressor,Mumbai,2025-05-25
Compressor,Mumbai,2025-05-26
Compressor,Mumbai,2025-05-27
Compressor,Mumbai,2025-05-28
Compressor,Mumbai,2025-06-15
Compressor,Mumbai,2025-06-16
Compressor,Mumbai,2025-06-17
Compressor,Mumbai,2025-07-21
Compressor,Mumbai,2025-07-22
Compressor,Mumbai,2025-09-21
Compressor,Mumbai,2025-09-22
Compressor,Mumbai,2025-10-30
Compressor,Mumbai,2025-11-16
Compressor,Mumbai,2025-12-17
Compressor,Mumbai,2025-12-18
Compressor,Mumbai,2025-12-19
Compressor,Mumbai,2025-12-20
Compressor,Mumbai,2025-12-21
Compressor,Mumbai,2026-01-23
Compressor,Mumbai,2026-01-24
Compressor,Mumbai,2026-02-14
Compressor,Mumbai,2026-04-12
Compressor,Mumbai,2026-04-13
Compressor,Mumbai,2026-04-14
Compressor,Mumbai,2026-05-18
Compressor,Mumbai,2026-05-19
Compressor,Mumbai,2026-07-16
Compressor,Mumbai,2026-07-17
Door Seal,Delhi,2025-01-17
Door Seal,Delhi,2025-01-18
Door Seal,Delhi,2025-01-19
Door Seal,Delhi,2025-01-20
Door Seal,Delhi,2025-01-21
Door Seal,Delhi,2025-01-22
Door Seal,Delhi,2025-01-23
Door Seal,Delhi,2025-01-24
Door Seal,Delhi,2025-02-09
Door Seal,Delhi,2025-02-10
Door Seal,Delhi,2025-02-11
Door Seal,Delhi,2025-02-12
Door Seal,Delhi,2025-02-14
Door Seal,Delhi,2025-03-02
Door Seal,Delhi,2025-03-04
Door Seal,Delhi,2025-03-16
Door Seal,Delhi,2025-03-17
Door Seal,Delhi,2025-03-20
Door Seal,Delhi,2025-03-21
Door Seal,Delhi,2025-03-22
Door Seal,Delhi,2025-03-23
Door Seal,Delhi,2025-04-22
Door Seal,Delhi,2025-04-23
Door Seal,Delhi,2025-04-25
Door Seal,Delhi,2025-04-26
Door Seal,Delhi,2025-05-13
Door Seal,Delhi,2025-05-15
Door Seal,Delhi,2025-05-16
Door Seal,Delhi,2025-05-17
Door Seal,Delhi,2025-05-27
Door Seal,Delhi,2025-06-01
Door Seal,Delhi,2025-06-02
Door Seal,Delhi,2025-06-18
Door Seal,Delhi,2025-07-02
Door Seal,Delhi,2025-07-03
Door Seal,Delhi,2025-07-04
Door Seal,Delhi,2025-07-16
Door Seal,Delhi,2025-07-17
Door Seal,Delhi,2025-07-19
Door Seal,Delhi,2025-08-26
Door Seal,Delhi,2025-08-27
Door Seal,Delhi,2025-09-09
Door Seal,Delhi,2025-09-10
Door Seal,Delhi,2025-09-11
Door Seal,Delhi,2025-09-12
Door Seal,Delhi,2025-09-14
Door Seal,Delhi,2025-09-15
Door Seal,Delhi,2025-10-21
Door Seal,Delhi,2025-10-22
Door Seal,Delhi,2025-10-23
Door Seal,Delhi,2025-10-24
Door Seal,Delhi,2025-11-13
Door Seal,Delhi,2025-11-14
Door Seal,Delhi,2026-01-18
Door Seal,Delhi,2026-01-19
Door Seal,Delhi,2026-01-20
Door Seal,Delhi,2026-02-27
Door Seal,Delhi,2026-03-18
Door Seal,Delhi,2026-03-19
Door Seal,Delhi,2026-03-20
Door Seal,Delhi,2026-04-21
Door Seal,Delhi,2026-04-22
Door Seal,Delhi,2026-06-12
Door Seal,Delhi,2026-06-13
Door Seal,Delhi,2026-06-14
Door Seal,Delhi,2026-07-04
Door Seal,Delhi,2026-07-18
Door Seal,Delhi,2026-07-19
Door Seal,Delhi,2026-07-20
Door Seal,Delhi,2026-07-21
Door Seal,Delhi,2026-07-22
Door Lock,Hyderabad,2024-12-16
Door Lock,Hyderabad,2024-12-17
Door Lock,Hyderabad,2024-12-18
Door Lock,Hyderabad,2024-12-19
Door Lock,Hyderabad,2025-05-24
Door Lock,Hyderabad,2025-05-26
Door Lock,Hyderabad,2025-05-27
Door Lock,Hyderabad,2025-06-18
Door Lock,Hyderabad,2025-08-21
Door Lock,Hyderabad,2025-08-22
Door Lock,Hyderabad,2025-08-23
Door Lock,Hyderabad,2025-08-24
Door Lock,Hyderabad,2025-08-25
Door Lock,Hyderabad,2026-02-18
Door Lock,Hyderabad,2026-02-20
Door Lock,Hyderabad,2026-03-10
Sediment Filter,Kolkata,2024-01-18
Sediment Filter,Kolkata,2024-01-19
Sediment Filter,Kolkata,2024-01-20
Sediment Filter,Kolkata,2024-01-23
Sediment Filter,Kolkata,2024-01-25
Sediment Filter,Kolkata,2025-01-18
Sediment Filter,Kolkata,2025-01-19
Sediment Filter,Kolkata,2025-01-20
Sediment Filter,Kolkata,2025-02-11
Sediment Filter,Kolkata,2025-02-12
Sediment Filter,Kolkata,2025-02-14
Sediment Filter,Kolkata,2025-03-19
Sediment Filter,Kolkata,2025-03-20
Sediment Filter,Kolkata,2025-03-22
Sediment Filter,Kolkata,2025-06-20
Sediment Filter,Kolkata,2025-06-21
Sediment Filter,Kolkata,2025-06-24
Sediment Filter,Kolkata,2025-06-25
Sediment Filter,Kolkata,2025-07-13
Sediment Filter,Kolkata,2025-07-14
Sediment Filter,Kolkata,2025-07-15
Sediment Filter,Kolkata,2025-07-16
Sediment Filter,Kolkata,2025-08-14
Sediment Filter,Kolkata,2025-08-15
Sediment Filter,Kolkata,2025-08-16
Sediment Filter,Kolkata,2025-08-27
Sediment Filter,Kolkata,2025-09-09
Sediment Filter,Kolkata,2025-09-11
Sediment Filter,Kolkata,2025-09-12
Sediment Filter,Kolkata,2025-09-13
Sediment Filter,Kolkata,2025-09-14
Sediment Filter,Kolkata,2025-09-15
Sediment Filter,Kolkata,2025-09-16
Sediment Filter,Kolkata,2025-12-11
Sediment Filter,Kolkata,2025-12-13
Sediment Filter,Kolkata,2026-02-22
Sediment Filter,Kolkata,2026-05-04
Sediment Filter,Kolkata,2026-05-05
Sediment Filter,Kolkata,2026-05-07
Sediment Filter,Kolkata,2026-06-13
Sediment Filter,Kolkata,2026-06-14
Sediment Filter,Kolkata,2026-06-15
Sediment Filter,Kolkata,2026-06-17
Fuse,Mumbai,2025-04-27
Fuse,Mumbai,2025-05-15
Fuse,Mumbai,2025-05-16
Fuse,Mumbai,2025-08-21
Fuse,Mumbai,2025-12-19
Fuse,Mumbai,2026-01-26
Fuse,Mumbai,2026-03-03
Fuse,Mumbai,2026-03-04
Fuse,Mumbai,2026-03-22
Fuse,Mumbai,2026-04-13
Fuse,Mumbai,2026-04-29
Fuse,Mumbai,2026-04-30
Fuse,Mumbai,2026-05-17
Fuse,Mumbai,2026-06-03
Fuse,Mumbai,2026-06-21
Fuse,Mumbai,2026-07-30
Fuse,Mumbai,2026-07-31
